{
  "generated_utc": "2026-06-10 05:10:27",
  "model": "NeoQuasar/Kronos-mini",
  "lookback_hours": 360,
  "horizon_hours": 24,
  "n_paths": 30,
  "interval": "1h",
  "assets": [
    {
      "upside_probability": 0.2,
      "read": "BEARISH CONFIRM",
      "expected_return": -0.02609,
      "volatility_amplification": 0.9333,
      "forecast_vol_hourly": 0.00905,
      "realized_vol_hourly": 0.00421,
      "last_close": 61180.01,
      "mean_target": 59584.0232,
      "mean_path": [
        61341.6393,
        61296.9585,
        61075.7323,
        60927.2228,
        60969.402,
        60912.6042,
        60751.5309,
        60724.637,
        60647.1464,
        60494.0789,
        60419.7336,
        60309.4082,
        60348.4486,
        60067.6014,
        59876.0565,
        59818.3915,
        59717.3413,
        59504.0443,
        59372.8552,
        59556.3023,
        59539.8102,
        59615.0564,
        59714.3361,
        59584.0232
      ],
      "p10": [
        60901.2188,
        60832.9145,
        60103.7695,
        59675.716,
        59900.482,
        59353.3047,
        59272.9582,
        59450.2078,
        59688.1988,
        58926.652,
        59191.9871,
        59226.4328,
        59012.5336,
        58708.5227,
        57859.568,
        57680.1047,
        57826.3754,
        57314.1617,
        57452.5437,
        57719.5531,
        57776.1871,
        57717.6258,
        57814.2324,
        57314.5539
      ],
      "p50": [
        61424.8105,
        61317.9648,
        61282.3711,
        61315.8027,
        61002.5547,
        61180.2324,
        60935.0781,
        61084.2949,
        60645.2363,
        60559.7383,
        60495.0312,
        60504.4277,
        60351.8711,
        60208.5254,
        59796.1484,
        59824.1055,
        60002.0703,
        59722.748,
        59219.6953,
        59601.0137,
        59397.1172,
        59444.0879,
        59693.752,
        59677.4199
      ],
      "p90": [
        61863.8555,
        61904.5523,
        61779.7438,
        61731.4531,
        61911.234,
        61801.2746,
        61802.3109,
        61787.7703,
        61927.4863,
        61899.0699,
        61669.9809,
        61560.8227,
        61752.3965,
        61806.1641,
        61732.3496,
        61567.8016,
        61570.0996,
        61624.0246,
        61593.2191,
        61553.1086,
        61650.7316,
        61482.8754,
        61468.8852,
        61589.416
      ],
      "name": "BTC",
      "symbol": "BTCUSDT",
      "context_last_ts_utc": "2026-06-10 05:00:00",
      "forecast_ts_utc": [
        "2026-06-10 06:00",
        "2026-06-10 07:00",
        "2026-06-10 08:00",
        "2026-06-10 09:00",
        "2026-06-10 10:00",
        "2026-06-10 11:00",
        "2026-06-10 12:00",
        "2026-06-10 13:00",
        "2026-06-10 14:00",
        "2026-06-10 15:00",
        "2026-06-10 16:00",
        "2026-06-10 17:00",
        "2026-06-10 18:00",
        "2026-06-10 19:00",
        "2026-06-10 20:00",
        "2026-06-10 21:00",
        "2026-06-10 22:00",
        "2026-06-10 23:00",
        "2026-06-11 00:00",
        "2026-06-11 01:00",
        "2026-06-11 02:00",
        "2026-06-11 03:00",
        "2026-06-11 04:00",
        "2026-06-11 05:00"
      ]
    },
    {
      "upside_probability": 0.2667,
      "read": "BEARISH CONFIRM",
      "expected_return": -0.01955,
      "volatility_amplification": 0.9667,
      "forecast_vol_hourly": 0.00926,
      "realized_vol_hourly": 0.00468,
      "last_close": 1622.58,
      "mean_target": 1590.8628,
      "mean_path": [
        1637.0002,
        1634.456,
        1634.6718,
        1630.0643,
        1628.6584,
        1629.7889,
        1626.7805,
        1626.996,
        1625.5894,
        1622.654,
        1617.5798,
        1615.2175,
        1609.5644,
        1611.6096,
        1607.3446,
        1601.1077,
        1601.5138,
        1597.1457,
        1588.8836,
        1590.1212,
        1590.2834,
        1596.1792,
        1592.1108,
        1590.8628
      ],
      "p10": [
        1623.3957,
        1616.7616,
        1613.6825,
        1610.7377,
        1599.9817,
        1606.0978,
        1595.4538,
        1581.6457,
        1584.7045,
        1567.157,
        1562.2699,
        1564.1813,
        1558.3616,
        1557.7195,
        1540.8263,
        1537.5561,
        1551.6618,
        1536.6177,
        1532.2051,
        1528.0411,
        1511.9498,
        1553.097,
        1535.8663,
        1519.0405
      ],
      "p50": [
        1639.0947,
        1635.0809,
        1640.8296,
        1633.1891,
        1633.8745,
        1630.9315,
        1632.0597,
        1630.6494,
        1631.8461,
        1627.7583,
        1625.9214,
        1615.0275,
        1605.8339,
        1606.6006,
        1610.9075,
        1602.2212,
        1603.3425,
        1601.3837,
        1596.9857,
        1601.3172,
        1599.8275,
        1602.2321,
        1600.8354,
        1600.5636
      ],
      "p90": [
        1651.1434,
        1652.753,
        1653.9548,
        1646.334,
        1647.4483,
        1647.1615,
        1649.197,
        1657.1653,
        1656.1788,
        1655.5873,
        1653.248,
        1653.5335,
        1645.7463,
        1644.4406,
        1647.9465,
        1642.6349,
        1644.1208,
        1642.433,
        1637.7967,
        1642.5404,
        1650.8042,
        1649.8301,
        1638.9032,
        1639.6573
      ],
      "name": "ETH",
      "symbol": "ETHUSDT",
      "context_last_ts_utc": "2026-06-10 05:00:00",
      "forecast_ts_utc": [
        "2026-06-10 06:00",
        "2026-06-10 07:00",
        "2026-06-10 08:00",
        "2026-06-10 09:00",
        "2026-06-10 10:00",
        "2026-06-10 11:00",
        "2026-06-10 12:00",
        "2026-06-10 13:00",
        "2026-06-10 14:00",
        "2026-06-10 15:00",
        "2026-06-10 16:00",
        "2026-06-10 17:00",
        "2026-06-10 18:00",
        "2026-06-10 19:00",
        "2026-06-10 20:00",
        "2026-06-10 21:00",
        "2026-06-10 22:00",
        "2026-06-10 23:00",
        "2026-06-11 00:00",
        "2026-06-11 01:00",
        "2026-06-11 02:00",
        "2026-06-11 03:00",
        "2026-06-11 04:00",
        "2026-06-11 05:00"
      ]
    },
    {
      "upside_probability": 0.2667,
      "read": "BEARISH CONFIRM",
      "expected_return": -0.02072,
      "volatility_amplification": 1.0,
      "forecast_vol_hourly": 0.01066,
      "realized_vol_hourly": 0.00571,
      "last_close": 64.21,
      "mean_target": 62.8795,
      "mean_path": [
        64.3328,
        64.2685,
        64.0236,
        63.5856,
        63.7244,
        63.7341,
        63.6261,
        63.5503,
        63.5988,
        63.4865,
        63.567,
        63.4531,
        63.3101,
        63.077,
        63.0823,
        63.0249,
        63.134,
        62.9143,
        63.0161,
        62.9861,
        63.051,
        62.9905,
        62.8569,
        62.8795
      ],
      "p10": [
        63.5577,
        63.343,
        62.976,
        62.2806,
        62.1003,
        62.2823,
        61.7239,
        61.439,
        61.7537,
        61.8655,
        61.6588,
        62.1179,
        61.6398,
        61.8164,
        61.9355,
        61.3212,
        61.418,
        61.2903,
        60.7484,
        61.1396,
        60.8411,
        60.6902,
        60.562,
        60.314
      ],
      "p50": [
        64.3899,
        64.3557,
        64.11,
        63.8495,
        63.9068,
        64.113,
        63.8918,
        63.8437,
        63.6484,
        63.7457,
        63.7648,
        63.7556,
        63.6451,
        63.3582,
        63.3668,
        63.2816,
        63.2021,
        63.0143,
        63.327,
        63.4219,
        63.4056,
        63.197,
        63.154,
        62.9984
      ],