{
  "generated_utc": "2026-06-10 06:11:43",
  "model": "NeoQuasar/Kronos-mini",
  "lookback_hours": 360,
  "horizon_hours": 24,
  "n_paths": 30,
  "interval": "1h",
  "assets": [
    {
      "upside_probability": 0.1333,
      "read": "BEARISH CONFIRM",
      "expected_return": -0.01874,
      "volatility_amplification": 0.9667,
      "forecast_vol_hourly": 0.00765,
      "realized_vol_hourly": 0.00425,
      "last_close": 61381.11,
      "mean_target": 60230.8102,
      "mean_path": [
        61636.2986,
        61568.0882,
        61469.8372,
        61440.2988,
        61404.2857,
        61375.4405,
        61222.7983,
        61323.8234,
        61293.9564,
        61173.3389,
        60904.4034,
        60989.049,
        60758.2561,
        60550.0309,
        60425.8978,
        60409.2482,
        60158.8922,
        60073.7885,
        60019.0178,
        59988.7404,
        59927.1033,
        59943.8947,
        60181.5857,
        60230.8102
      ],
      "p10": [
        61290.2777,
        61088.757,
        60912.7852,
        60889.5285,
        60920.775,
        60435.4437,
        60276.5605,
        60411.7488,
        60283.1367,
        59669.6992,
        59461.7828,
        59709.7648,
        58845.2223,
        59154.9012,
        58967.4105,
        58437.6355,
        58293.9441,
        58404.7727,
        58490.8586,
        58368.0164,
        58142.0836,
        58185.3852,
        58916.4258,
        58645.1777
      ],
      "p50": [
        61712.8965,
        61641.2656,
        61543.6895,
        61520.3672,
        61480.7734,
        61500.2969,
        61416.0078,
        61545.873,
        61447.4375,
        61151.6641,
        60934.6934,
        60952.4297,
        60753.5762,
        60744.1406,
        60826.8066,
        60732.1875,
        60630.8496,
        60038.3613,
        60171.1914,
        60236.9082,
        60299.3477,
        60393.127,
        60626.7246,
        60531.75
      ],
      "p90": [
        61986.7648,
        61949.5516,
        61923.3516,
        61905.8992,
        62007.6762,
        62037.2164,
        62037.9152,
        62294.8105,
        62261.1359,
        62125.5719,
        62063.5863,
        62233.6789,
        62134.0098,
        61906.1215,
        61661.7168,
        61821.0727,
        61381.3531,
        61558.4672,
        61209.2863,
        61649.377,
        61515.957,
        61368.1426,
        61388.5977,
        61439.5301
      ],
      "name": "BTC",
      "symbol": "BTCUSDT",
      "context_last_ts_utc": "2026-06-10 06:00:00",
      "forecast_ts_utc": [
        "2026-06-10 07:00",
        "2026-06-10 08:00",
        "2026-06-10 09:00",
        "2026-06-10 10:00",
        "2026-06-10 11:00",
        "2026-06-10 12:00",
        "2026-06-10 13:00",
        "2026-06-10 14:00",
        "2026-06-10 15:00",
        "2026-06-10 16:00",
        "2026-06-10 17:00",
        "2026-06-10 18:00",
        "2026-06-10 19:00",
        "2026-06-10 20:00",
        "2026-06-10 21:00",
        "2026-06-10 22:00",
        "2026-06-10 23:00",
        "2026-06-11 00:00",
        "2026-06-11 01:00",
        "2026-06-11 02:00",
        "2026-06-11 03:00",
        "2026-06-11 04:00",
        "2026-06-11 05:00",
        "2026-06-11 06:00"
      ]
    },
    {
      "upside_probability": 0.3,
      "read": "BEARISH CONFIRM",
      "expected_return": -0.00939,
      "volatility_amplification": 0.9667,
      "forecast_vol_hourly": 0.00767,
      "realized_vol_hourly": 0.00472,
      "last_close": 1627.93,
      "mean_target": 1612.6369,
      "mean_path": [
        1646.6925,
        1641.5218,
        1631.1917,
        1632.5646,
        1633.1751,
        1635.4982,
        1634.7972,
        1636.8855,
        1636.642,
        1631.0098,
        1625.8499,
        1622.7172,
        1621.2497,
        1616.9001,
        1613.1027,
        1612.0819,
        1607.743,
        1612.1062,
        1609.0509,
        1609.7822,
        1613.0498,
        1611.3897,
        1612.2724,
        1612.6369
      ],
      "p10": [
        1635.3961,
        1628.5934,
        1603.4874,
        1615.5709,
        1614.8651,
        1620.2653,
        1620.3331,
        1620.7726,
        1615.7409,
        1606.2367,
        1593.0476,
        1605.2691,
        1594.7903,
        1585.0589,
        1569.792,
        1550.6297,
        1560.4302,
        1566.691,
        1574.59,
        1581.2778,
        1570.4463,
        1567.3143,
        1572.7057,
        1567.6313
      ],
      "p50": [
        1649.3459,
        1641.685,
        1632.4962,
        1635.1636,
        1636.8207,
        1637.8923,
        1639.3514,
        1636.8923,
        1636.7154,
        1634.3867,
        1631.2806,
        1627.9488,
        1628.2329,
        1622.6591,
        1620.681,
        1618.1168,
        1616.4938,
        1621.8163,
        1614.7702,
        1610.2823,
        1619.5745,
        1618.5662,
        1617.7237,
        1614.3072
      ],
      "p90": [
        1654.8441,
        1654.9445,
        1650.6049,
        1652.0305,
        1650.6737,
        1655.0476,
        1654.0451,
        1653.1145,
        1658.3244,
        1653.2944,
        1647.641,
        1644.3207,
        1640.1661,
        1639.2541,
        1637.1847,
        1640.2683,
        1642.9907,
        1638.3982,
        1640.7387,
        1644.2567,
        1645.7842,
        1646.3183,
        1645.5398,
        1644.2924
      ],
      "name": "ETH",
      "symbol": "ETHUSDT",
      "context_last_ts_utc": "2026-06-10 06:00:00",
      "forecast_ts_utc": [
        "2026-06-10 07:00",
        "2026-06-10 08:00",
        "2026-06-10 09:00",
        "2026-06-10 10:00",
        "2026-06-10 11:00",
        "2026-06-10 12:00",
        "2026-06-10 13:00",
        "2026-06-10 14:00",
        "2026-06-10 15:00",
        "2026-06-10 16:00",
        "2026-06-10 17:00",
        "2026-06-10 18:00",
        "2026-06-10 19:00",
        "2026-06-10 20:00",
        "2026-06-10 21:00",
        "2026-06-10 22:00",
        "2026-06-10 23:00",
        "2026-06-11 00:00",
        "2026-06-11 01:00",
        "2026-06-11 02:00",
        "2026-06-11 03:00",
        "2026-06-11 04:00",
        "2026-06-11 05:00",
        "2026-06-11 06:00"
      ]
    },
    {
      "upside_probability": 0.2667,
      "read": "BEARISH CONFIRM",
      "expected_return": -0.01365,
      "volatility_amplification": 1.0,
      "forecast_vol_hourly": 0.01126,
      "realized_vol_hourly": 0.00571,
      "last_close": 63.98,
      "mean_target": 63.1067,
      "mean_path": [
        64.2649,
        64.1928,
        64.048,
        63.9006,
        63.8325,
        63.835,
        63.5666,
        63.5818,
        63.4639,
        63.4994,
        63.1175,
        62.9947,
        63.0608,
        63.0748,
        63.3435,
        62.9932,
        62.899,
        62.9185,
        62.9924,
        62.9958,
        63.0276,
        63.1266,
        62.9751,
        63.1067
      ],
      "p10": [
        63.711,
        63.6511,
        62.9016,
        62.2988,
        62.4263,
        62.2352,
        61.8567,
        62.2345,
        61.3245,
        61.824,
        60.7779,
        61.0291,
        61.1235,
        61.2127,
        61.9432,
        61.4065,
        61.1979,
        61.2234,
        61.5633,
        61.4561,
        61.6471,
        61.2381,
        60.9054,
        60.922
      ],
      "p50": [
        64.3418,
        64.1198,
        64.1778,
        64.0706,
        63.9498,
        63.9885,
        63.5778,
        63.7322,
        63.8542,
        63.8274,
        63.5648,
        63.4327,
        63.5972,
        63.059,
        63.4806,
        62.9389,
        63.1772,
        62.7619,
        62.8852,
        63.159,
        63.2812,
        63.5345,
        63.3243,
        63.2654
      ],