{
  "generated_utc": "2026-06-10 09:15:30",
  "model": "NeoQuasar/Kronos-mini",
  "lookback_hours": 360,
  "horizon_hours": 24,
  "n_paths": 30,
  "interval": "1h",
  "assets": [
    {
      "upside_probability": 0.0667,
      "read": "BEARISH CONFIRM",
      "expected_return": -0.02975,
      "volatility_amplification": 1.0,
      "forecast_vol_hourly": 0.00899,
      "realized_vol_hourly": 0.00447,
      "last_close": 61088.01,
      "mean_target": 59270.5087,
      "mean_path": [
        61007.7142,
        61053.6264,
        61022.6937,
        60843.2944,
        60636.3966,
        60581.9082,
        60401.0723,
        60251.4083,
        60188.0704,
        60172.8302,
        60177.3332,
        60076.1516,
        60031.2897,
        59904.7464,
        59883.4635,
        59806.1962,
        59691.7609,
        59683.4111,
        59577.1257,
        59633.9775,
        59574.1953,
        59488.6413,
        59428.0822,
        59270.5087
      ],
      "p10": [
        60619.707,
        60580.9543,
        60502.498,
        59952.4102,
        59663.1723,
        59702.5961,
        59155.7352,
        58946.9906,
        58643.9078,
        58469.9918,
        58841.7461,
        58488.0582,
        58626.3363,
        58049.2926,
        58530.973,
        58358.6035,
        57617.9543,
        58021.6738,
        58064.1266,
        58154.1512,
        57959.082,
        57958.7992,
        57844.6129,
        57202.2836
      ],
      "p50": [
        61059.1758,
        61138.7656,
        61066.8926,
        61069.2148,
        60763.2207,
        60767.7656,
        60391.8281,
        60447.2988,
        60468.0605,
        60366.373,
        60385.168,
        60406.7168,
        60324.498,
        60297.1914,
        60263.1328,
        60099.8457,
        60118.1367,
        60059.9023,
        59763.7832,
        59870.7148,
        59799.3652,
        59547.3223,
        59603.2441,
        59463.6504
      ],
      "p90": [
        61265.523,
        61461.8586,
        61477.6332,
        61553.0449,
        61463.5402,
        61427.5504,
        61501.2738,
        61543.2973,
        61327.0504,
        61425.1004,
        61524.1148,
        61308.0453,
        61293.727,
        61228.1281,
        60896.4207,
        61022.702,
        60865.8449,
        60936.1547,
        60957.9914,
        61043.5426,
        60997.7543,
        61019.5723,
        60816.7617,
        60828.9961
      ],
      "name": "BTC",
      "symbol": "BTCUSDT",
      "context_last_ts_utc": "2026-06-10 09:00:00",
      "forecast_ts_utc": [
        "2026-06-10 10:00",
        "2026-06-10 11:00",
        "2026-06-10 12:00",
        "2026-06-10 13:00",
        "2026-06-10 14:00",
        "2026-06-10 15:00",
        "2026-06-10 16:00",
        "2026-06-10 17:00",
        "2026-06-10 18:00",
        "2026-06-10 19:00",
        "2026-06-10 20:00",
        "2026-06-10 21:00",
        "2026-06-10 22:00",
        "2026-06-10 23:00",
        "2026-06-11 00:00",
        "2026-06-11 01:00",
        "2026-06-11 02:00",
        "2026-06-11 03:00",
        "2026-06-11 04:00",
        "2026-06-11 05:00",
        "2026-06-11 06:00",
        "2026-06-11 07:00",
        "2026-06-11 08:00",
        "2026-06-11 09:00"
      ]
    },
    {
      "upside_probability": 0.2667,
      "read": "BEARISH CONFIRM",
      "expected_return": -0.01438,
      "volatility_amplification": 0.9,
      "forecast_vol_hourly": 0.00905,
      "realized_vol_hourly": 0.00536,
      "last_close": 1614.76,
      "mean_target": 1591.5434,
      "mean_path": [
        1625.5549,
        1624.8008,
        1621.9413,
        1613.7815,
        1614.9097,
        1608.332,
        1607.1344,
        1604.0512,
        1599.2391,
        1593.1143,
        1594.6602,
        1590.7775,
        1590.7988,
        1589.67,
        1594.4502,
        1591.5347,
        1591.2863,
        1592.597,
        1590.1819,
        1588.8667,
        1586.5248,
        1588.6771,
        1593.909,
        1591.5434
      ],
      "p10": [
        1610.3677,
        1610.2462,
        1608.2558,
        1587.0971,
        1588.2984,
        1578.1468,
        1579.5891,
        1563.0811,
        1562.0133,
        1529.5323,
        1536.4585,
        1531.5633,
        1551.9134,
        1552.9824,
        1554.2642,
        1549.6369,
        1536.0839,
        1538.7775,
        1533.6783,
        1545.7376,
        1544.517,
        1540.5759,
        1556.3543,
        1553.0966
      ],
      "p50": [
        1627.798,
        1625.3378,
        1621.8135,
        1619.1139,
        1620.7214,
        1617.6778,
        1612.0973,
        1609.2429,
        1606.1407,
        1603.7162,
        1598.796,
        1596.2485,
        1592.9656,
        1596.0466,
        1602.9946,
        1596.8561,
        1600.3269,
        1603.1298,
        1597.86,
        1596.4877,
        1586.0175,
        1595.0121,
        1593.8506,
        1592.6023
      ],
      "p90": [
        1644.0349,
        1640.5196,
        1642.2031,
        1636.2246,
        1637.4446,
        1637.2678,
        1633.774,
        1633.8089,
        1630.044,
        1629.1377,
        1632.1365,
        1633.4734,
        1627.4047,
        1624.4138,
        1627.223,
        1625.087,
        1630.2391,
        1629.7597,
        1624.6613,
        1637.2955,
        1634.8802,
        1629.2704,
        1640.2338,
        1644.7268
      ],
      "name": "ETH",
      "symbol": "ETHUSDT",
      "context_last_ts_utc": "2026-06-10 09:00:00",
      "forecast_ts_utc": [
        "2026-06-10 10:00",
        "2026-06-10 11:00",
        "2026-06-10 12:00",
        "2026-06-10 13:00",
        "2026-06-10 14:00",
        "2026-06-10 15:00",
        "2026-06-10 16:00",
        "2026-06-10 17:00",
        "2026-06-10 18:00",
        "2026-06-10 19:00",
        "2026-06-10 20:00",
        "2026-06-10 21:00",
        "2026-06-10 22:00",
        "2026-06-10 23:00",
        "2026-06-11 00:00",
        "2026-06-11 01:00",
        "2026-06-11 02:00",
        "2026-06-11 03:00",
        "2026-06-11 04:00",
        "2026-06-11 05:00",
        "2026-06-11 06:00",
        "2026-06-11 07:00",
        "2026-06-11 08:00",
        "2026-06-11 09:00"
      ]
    },
    {
      "upside_probability": 0.2333,
      "read": "BEARISH CONFIRM",
      "expected_return": -0.02351,
      "volatility_amplification": 0.9667,
      "forecast_vol_hourly": 0.01157,
      "realized_vol_hourly": 0.0063,
      "last_close": 63.41,
      "mean_target": 61.9193,
      "mean_path": [
        63.8636,
        63.6888,
        63.7712,
        63.3882,
        63.3352,
        62.8689,
        62.8196,
        62.5494,
        62.3967,
        62.2987,
        62.3382,
        62.3339,
        62.0686,
        61.9912,
        62.0638,
        62.2207,
        62.0964,
        62.1894,
        62.2163,
        62.2804,
        62.217,
        62.212,
        62.1529,
        61.9193
      ],
      "p10": [
        63.3552,
        62.7041,
        62.9831,
        62.1338,
        62.0909,
        61.1628,
        60.8112,
        60.9256,
        60.4402,
        60.3327,
        60.7323,
        60.3833,
        59.9782,
        59.7904,
        59.7779,
        60.2446,
        59.7609,
        59.573,
        59.7398,
        59.5866,
        59.6039,
        59.1511,
        60.0547,
        59.3971
      ],
      "p50": [
        63.9009,
        63.7225,
        63.7769,
        63.6141,
        63.4428,
        63.0008,
        63.1275,
        62.6143,
        62.6092,
        62.6928,
        62.6736,
        62.5504,
        62.2196,
        62.4235,
        62.5799,
        62.6309,
        62.4621,
        62.6895,
        62.6725,
        62.829,
        62.8431,
        62.9473,
        62.5162,
        62.2697
      ],