{
  "generated_utc": "2026-06-09 20:46:15",
  "model": "NeoQuasar/Kronos-mini",
  "lookback_hours": 360,
  "horizon_hours": 24,
  "n_paths": 30,
  "interval": "1h",
  "assets": [
    {
      "upside_probability": 0.1,
      "read": "BEARISH CONFIRM",
      "expected_return": -0.02557,
      "volatility_amplification": 0.9333,
      "forecast_vol_hourly": 0.00787,
      "realized_vol_hourly": 0.00454,
      "last_close": 62085.55,
      "mean_target": 60498.0945,
      "mean_path": [
        61862.0016,
        61886.5102,
        61849.5715,
        61950.7005,
        61847.6193,
        61831.9104,
        61633.5116,
        61568.898,
        61490.7888,
        61289.5368,
        61233.1667,
        61183.7589,
        61129.7569,
        61076.3936,
        60918.5523,
        60798.4859,
        60965.4056,
        60808.4943,
        60786.1335,
        60740.0887,
        60593.7781,
        60457.6208,
        60481.2332,
        60498.0945
      ],
      "p10": [
        61497.6211,
        61265.5969,
        61239.207,
        61358.5969,
        61274.8895,
        61037.457,
        60914.8148,
        60710.1766,
        60540.5437,
        60077.3148,
        60069.1984,
        60139.8289,
        60092.7926,
        59954.134,
        59009.6062,
        59664.8863,
        59870.184,
        59590.4633,
        59039.7918,
        58978.2191,
        59083.4051,
        58984.9645,
        59069.0094,
        59210.5984
      ],
      "p50": [
        61924.2422,
        61847.543,
        61964.8926,
        61928.0938,
        61844.8809,
        61949.1719,
        61683.1582,
        61672.0645,
        61673.2793,
        61451.2168,
        61441.5059,
        61377.4062,
        61289.3789,
        61247.1113,
        61118.4902,
        61007.1465,
        61045.0566,
        60895.3594,
        60808.8633,
        61088.4531,
        60848.4492,
        60207.8906,
        60612.5195,
        60439.0586
      ],
      "p90": [
        62278.3098,
        62528.7516,
        62349.8336,
        62499.6191,
        62529.4117,
        62427.1559,
        62308.6223,
        62312.1488,
        62158.5191,
        62050.9953,
        62015.4488,
        62078.0895,
        62073.6148,
        61835.443,
        61983.3207,
        61906.3328,
        61968.7691,
        61845.6004,
        61865.075,
        61784.5527,
        61892.8473,
        61910.5516,
        61903.5129,
        61785.9098
      ],
      "name": "BTC",
      "symbol": "BTCUSDT",
      "context_last_ts_utc": "2026-06-09 20:00:00",
      "forecast_ts_utc": [
        "2026-06-09 21:00",
        "2026-06-09 22:00",
        "2026-06-09 23:00",
        "2026-06-10 00:00",
        "2026-06-10 01:00",
        "2026-06-10 02:00",
        "2026-06-10 03:00",
        "2026-06-10 04:00",
        "2026-06-10 05:00",
        "2026-06-10 06:00",
        "2026-06-10 07:00",
        "2026-06-10 08:00",
        "2026-06-10 09:00",
        "2026-06-10 10:00",
        "2026-06-10 11:00",
        "2026-06-10 12:00",
        "2026-06-10 13:00",
        "2026-06-10 14:00",
        "2026-06-10 15:00",
        "2026-06-10 16:00",
        "2026-06-10 17:00",
        "2026-06-10 18:00",
        "2026-06-10 19:00",
        "2026-06-10 20:00"
      ]
    },
    {
      "upside_probability": 0.0667,
      "read": "BEARISH CONFIRM",
      "expected_return": -0.03227,
      "volatility_amplification": 0.9,
      "forecast_vol_hourly": 0.00992,
      "realized_vol_hourly": 0.00598,
      "last_close": 1659.78,
      "mean_target": 1606.2195,
      "mean_path": [
        1647.5515,
        1646.7957,
        1642.9513,
        1646.7934,
        1641.7457,
        1641.7906,
        1638.6664,
        1635.1735,
        1631.2666,
        1631.8735,
        1630.4092,
        1624.6725,
        1627.168,
        1623.0827,
        1624.7361,
        1621.7336,
        1620.1031,
        1612.4974,
        1619.7832,
        1617.6308,
        1613.9342,
        1605.6884,
        1608.5472,
        1606.2195
      ],
      "p10": [
        1635.0479,
        1636.9969,
        1625.4271,
        1633.6122,
        1618.5029,
        1613.7583,
        1618.7984,
        1601.2566,
        1609.0243,
        1610.6772,
        1606.819,
        1597.7569,
        1607.3323,
        1596.3666,
        1596.306,
        1589.643,
        1587.432,
        1583.2936,
        1586.3073,
        1587.0185,
        1579.9737,
        1567.0881,
        1566.1726,
        1564.4762
      ],
      "p50": [
        1647.6924,
        1644.5715,
        1645.5414,
        1647.5438,
        1642.3986,
        1644.1025,
        1640.3186,
        1638.9773,
        1632.9354,
        1631.91,
        1632.7801,
        1629.3773,
        1630.0654,
        1628.6971,
        1629.8666,
        1626.2512,
        1627.4822,
        1610.7809,
        1621.5475,
        1621.6636,
        1613.5475,
        1606.5544,
        1608.3165,
        1606.0552
      ],
      "p90": [
        1660.6406,
        1663.2406,
        1657.325,
        1664.5925,
        1663.9647,
        1661.4903,
        1659.5656,
        1658.1558,
        1655.3702,
        1658.2958,
        1648.6798,
        1643.9031,
        1645.9146,
        1646.2295,
        1643.968,
        1655.7603,
        1648.3283,
        1656.9837,
        1657.8688,
        1646.6891,
        1653.7214,
        1640.2604,
        1651.8327,
        1658.4798
      ],
      "name": "ETH",
      "symbol": "ETHUSDT",
      "context_last_ts_utc": "2026-06-09 20:00:00",
      "forecast_ts_utc": [
        "2026-06-09 21:00",
        "2026-06-09 22:00",
        "2026-06-09 23:00",
        "2026-06-10 00:00",
        "2026-06-10 01:00",
        "2026-06-10 02:00",
        "2026-06-10 03:00",
        "2026-06-10 04:00",
        "2026-06-10 05:00",
        "2026-06-10 06:00",
        "2026-06-10 07:00",
        "2026-06-10 08:00",
        "2026-06-10 09:00",
        "2026-06-10 10:00",
        "2026-06-10 11:00",
        "2026-06-10 12:00",
        "2026-06-10 13:00",
        "2026-06-10 14:00",
        "2026-06-10 15:00",
        "2026-06-10 16:00",
        "2026-06-10 17:00",
        "2026-06-10 18:00",
        "2026-06-10 19:00",
        "2026-06-10 20:00"
      ]
    },
    {
      "upside_probability": 0.1,
      "read": "BEARISH CONFIRM",
      "expected_return": -0.03822,
      "volatility_amplification": 0.9,
      "forecast_vol_hourly": 0.01184,
      "realized_vol_hourly": 0.00754,
      "last_close": 65.53,
      "mean_target": 63.0252,
      "mean_path": [
        65.0931,
        64.8656,
        64.9762,
        65.0234,
        64.9391,
        64.8518,
        64.6554,
        64.6611,
        64.4968,
        64.5015,
        64.2991,
        64.1216,
        63.9362,
        64.0116,
        64.0123,
        63.7607,
        63.8354,
        63.5792,
        63.3695,
        63.3462,
        63.4669,
        63.2864,
        63.249,
        63.0252
      ],
      "p10": [
        64.5754,
        64.2054,
        63.4959,
        63.9483,
        64.1332,
        63.5658,
        63.3326,
        63.6875,
        63.0363,
        63.2553,
        62.2246,
        62.1934,
        61.6875,
        61.8809,
        61.3843,
        61.3352,
        61.2017,
        60.2554,
        60.3959,
        61.002,
        60.7881,
        60.7762,
        60.3396,
        60.0053
      ],
      "p50": [
        65.1533,
        64.8626,
        65.2242,
        65.2254,
        65.1094,
        64.8136,
        64.7554,
        64.6878,
        64.6149,
        64.5187,
        64.3656,
        64.4111,
        64.2439,
        64.1035,
        64.3377,
        64.1658,
        64.3953,
        64.2878,
        63.7498,
        63.6818,
        63.7716,
        63.8133,
        63.5893,
        63.241
      ],