{
  "generated_utc": "2026-06-09 21:00:17",
  "model": "NeoQuasar/Kronos-mini",
  "lookback_hours": 360,
  "horizon_hours": 24,
  "n_paths": 30,
  "interval": "1h",
  "assets": [
    {
      "upside_probability": 0.1,
      "read": "BEARISH CONFIRM",
      "expected_return": -0.02623,
      "volatility_amplification": 0.9333,
      "forecast_vol_hourly": 0.00753,
      "realized_vol_hourly": 0.00446,
      "last_close": 62168.21,
      "mean_target": 60537.5247,
      "mean_path": [
        61876.275,
        61984.0771,
        61974.7654,
        62052.7595,
        61965.0586,
        61802.7082,
        61802.8758,
        61714.3452,
        61595.3129,
        61502.7846,
        61490.0798,
        61385.7031,
        61408.8695,
        61304.7664,
        61249.8314,
        60906.3724,
        60771.6055,
        60825.7982,
        60838.8719,
        60615.0712,
        60644.7181,
        60534.1759,
        60562.8552,
        60537.5247
      ],
      "p10": [
        61514.6367,
        61507.9434,
        61436.8031,
        61584.0738,
        61488.2273,
        60899.3187,
        60984.9953,
        61042.0977,
        60898.1473,
        60768.848,
        60891.327,
        60450.9973,
        60161.2699,
        60110.2598,
        60055.9125,
        59711.7285,
        59525.6016,
        59514.4816,
        59346.7773,
        59356.7367,
        58769.734,
        58467.8281,
        58688.2453,
        58887.7188
      ],
      "p50": [
        61813.5156,
        61997.8984,
        62009.2539,
        62057.7949,
        62009.8359,
        61936.3809,
        61963.7695,
        61702.9668,
        61585.9492,
        61583.6484,
        61493.959,
        61383.4863,
        61426.5469,
        61187.9707,
        61177.1328,
        61005.9824,
        60707.4883,
        60869.5117,
        60883.4902,
        60718.332,
        60892.8086,
        60798.9531,
        60609.3516,
        60508.0684
      ],
      "p90": [
        62416.3477,
        62416.7809,
        62537.0277,
        62531.5832,
        62385.3047,
        62359.9824,
        62424.8652,
        62378.666,
        62268.8078,
        62046.6301,
        62099.1152,
        62332.259,
        62542.9625,
        62623.8781,
        62252.816,
        62370.8992,
        62252.925,
        62387.077,
        62128.1172,
        62342.707,
        62328.8523,
        62260.4191,
        62285.0602,
        62132.1898
      ],
      "name": "BTC",
      "symbol": "BTCUSDT",
      "context_last_ts_utc": "2026-06-09 21:00:00",
      "forecast_ts_utc": [
        "2026-06-09 22:00",
        "2026-06-09 23:00",
        "2026-06-10 00:00",
        "2026-06-10 01:00",
        "2026-06-10 02:00",
        "2026-06-10 03:00",
        "2026-06-10 04:00",
        "2026-06-10 05:00",
        "2026-06-10 06:00",
        "2026-06-10 07:00",
        "2026-06-10 08:00",
        "2026-06-10 09:00",
        "2026-06-10 10:00",
        "2026-06-10 11:00",
        "2026-06-10 12:00",
        "2026-06-10 13:00",
        "2026-06-10 14:00",
        "2026-06-10 15:00",
        "2026-06-10 16:00",
        "2026-06-10 17:00",
        "2026-06-10 18:00",
        "2026-06-10 19:00",
        "2026-06-10 20:00",
        "2026-06-10 21:00"
      ]
    },
    {
      "upside_probability": 0.0667,
      "read": "BEARISH CONFIRM",
      "expected_return": -0.03792,
      "volatility_amplification": 0.9333,
      "forecast_vol_hourly": 0.00931,
      "realized_vol_hourly": 0.0057,
      "last_close": 1660.54,
      "mean_target": 1597.574,
      "mean_path": [
        1649.5516,
        1647.143,
        1645.0882,
        1644.5085,
        1644.0666,
        1638.6485,
        1633.5928,
        1634.0695,
        1632.9747,
        1631.8616,
        1624.141,
        1619.2685,
        1618.941,
        1617.9781,
        1613.2081,
        1614.4835,
        1618.2057,
        1612.5405,
        1611.2174,
        1609.4081,
        1602.3863,
        1607.17,
        1600.7937,
        1597.574
      ],
      "p10": [
        1634.2976,
        1613.8952,
        1607.3885,
        1620.3034,
        1606.3828,
        1586.6646,
        1588.8807,
        1599.5233,
        1595.231,
        1583.1909,
        1575.3055,
        1551.873,
        1564.7437,
        1555.5224,
        1550.1552,
        1534.4599,
        1549.1375,
        1537.1057,
        1546.6272,
        1543.4795,
        1538.2778,
        1556.5572,
        1549.0789,
        1528.9442
      ],
      "p50": [
        1655.1447,
        1650.6107,
        1651.6158,
        1647.552,
        1651.2716,
        1641.8065,
        1639.328,
        1636.7129,
        1634.1195,
        1641.1182,
        1632.5699,
        1633.9186,
        1633.6475,
        1635.2862,
        1629.8508,
        1633.0396,
        1629.4894,
        1622.059,
        1619.3828,
        1614.4178,
        1614.0926,
        1619.9624,
        1612.1155,
        1609.6823
      ],
      "p90": [
        1663.5909,
        1662.8319,
        1666.4864,
        1666.1455,
        1669.2475,
        1669.7615,
        1665.5603,
        1667.0993,
        1670.5404,
        1666.3128,
        1652.8183,
        1661.2368,
        1654.873,
        1656.4957,
        1656.9622,
        1660.032,
        1668.364,
        1663.7329,
        1661.7331,
        1655.032,
        1650.8447,
        1649.7167,
        1642.6425,
        1643.9669
      ],
      "name": "ETH",
      "symbol": "ETHUSDT",
      "context_last_ts_utc": "2026-06-09 21:00:00",
      "forecast_ts_utc": [
        "2026-06-09 22:00",
        "2026-06-09 23:00",
        "2026-06-10 00:00",
        "2026-06-10 01:00",
        "2026-06-10 02:00",
        "2026-06-10 03:00",
        "2026-06-10 04:00",
        "2026-06-10 05:00",
        "2026-06-10 06:00",
        "2026-06-10 07:00",
        "2026-06-10 08:00",
        "2026-06-10 09:00",
        "2026-06-10 10:00",
        "2026-06-10 11:00",
        "2026-06-10 12:00",
        "2026-06-10 13:00",
        "2026-06-10 14:00",
        "2026-06-10 15:00",
        "2026-06-10 16:00",
        "2026-06-10 17:00",
        "2026-06-10 18:00",
        "2026-06-10 19:00",
        "2026-06-10 20:00",
        "2026-06-10 21:00"
      ]
    },
    {
      "upside_probability": 0.0667,
      "read": "BEARISH CONFIRM",
      "expected_return": -0.04261,
      "volatility_amplification": 0.9667,
      "forecast_vol_hourly": 0.01171,
      "realized_vol_hourly": 0.00757,
      "last_close": 65.47,
      "mean_target": 62.6801,
      "mean_path": [
        65.1192,
        65.0221,
        64.7822,
        64.7676,
        64.6544,
        64.5841,
        64.5813,
        64.3694,
        64.2782,
        63.9744,
        63.7218,
        63.5815,
        63.6005,
        63.2801,
        63.3386,
        63.3257,
        63.2083,
        62.922,
        63.0092,
        62.998,
        62.9119,
        62.7576,
        62.4419,
        62.6801
      ],
      "p10": [
        64.5018,
        63.8464,
        63.648,
        63.4819,
        63.495,
        62.7163,
        63.2544,
        63.0057,
        62.9439,
        61.9777,
        61.5867,
        60.7474,
        61.4424,
        61.0802,
        60.5214,
        60.717,
        60.5827,
        60.1357,
        60.2218,
        60.4995,
        60.4277,
        59.8838,
        58.5229,
        59.5414
      ],
      "p50": [
        64.9608,
        64.9435,
        64.8647,
        64.943,
        64.7949,
        64.763,
        64.8657,
        64.4004,
        64.4248,
        64.2457,
        64.2072,
        63.8601,
        63.636,
        63.3465,
        63.5084,
        63.6346,
        63.5052,
        62.8729,
        63.0022,
        63.0537,
        63.2289,
        62.9564,
        62.5687,
        62.8299
      ],