{
  "generated_utc": "2026-06-10 01:04:25",
  "model": "NeoQuasar/Kronos-mini",
  "lookback_hours": 360,
  "horizon_hours": 24,
  "n_paths": 30,
  "interval": "1h",
  "assets": [
    {
      "upside_probability": 0.2,
      "read": "BEARISH CONFIRM",
      "expected_return": -0.02267,
      "volatility_amplification": 0.9333,
      "forecast_vol_hourly": 0.00717,
      "realized_vol_hourly": 0.00416,
      "last_close": 61933.99,
      "mean_target": 60530.1878,
      "mean_path": [
        62125.0492,
        62063.1081,
        61978.2262,
        61827.7547,
        61900.4355,
        61794.7102,
        61690.7884,
        61799.5638,
        61630.4095,
        61550.4551,
        61541.8561,
        61597.8733,
        61595.3342,
        61359.2577,
        61367.2499,
        61251.0124,
        61049.896,
        61035.9154,
        60896.4935,
        60721.7001,
        60688.2887,
        60602.6833,
        60560.2336,
        60530.1878
      ],
      "p10": [
        61839.6523,
        61416.8027,
        61297.8246,
        61236.5863,
        61103.2906,
        61033.6148,
        60750.0348,
        61185.9367,
        60969.991,
        60813.5957,
        60584.6262,
        60663.273,
        60523.9563,
        60018.0133,
        60345.518,
        59988.0891,
        59878.6973,
        59779.5543,
        59260.8473,
        59183.5262,
        58930.3812,
        59036.398,
        58776.7336,
        58712.2336
      ],
      "p50": [
        62096.959,
        62068.8223,
        62006.0859,
        61941.0117,
        62158.9023,
        61802.1465,
        61739.4336,
        61817.4297,
        61637.2344,
        61578.0078,
        61760.5801,
        61652.8984,
        61673.9512,
        61437.9727,
        61499.2695,
        61308.3672,
        61072.4238,
        60961.4238,
        60990.0254,
        60889.752,
        60984.8906,
        61048.2188,
        60589.5684,
        60721.875
      ],
      "p90": [
        62373.9449,
        62478.5027,
        62487.3629,
        62492.1367,
        62510.5379,
        62634.1031,
        62450.8148,
        62423.6645,
        62272.7855,
        62474.9578,
        62325.8676,
        62605.2629,
        62721.5594,
        62575.9973,
        62958.7656,
        62562.716,
        62517.6301,
        62479.7477,
        62273.298,
        62244.5617,
        62260.6379,
        62034.9727,
        62056.0621,
        62116.9922
      ],
      "name": "BTC",
      "symbol": "BTCUSDT",
      "context_last_ts_utc": "2026-06-10 01:00:00",
      "forecast_ts_utc": [
        "2026-06-10 02:00",
        "2026-06-10 03:00",
        "2026-06-10 04:00",
        "2026-06-10 05:00",
        "2026-06-10 06:00",
        "2026-06-10 07:00",
        "2026-06-10 08:00",
        "2026-06-10 09:00",
        "2026-06-10 10:00",
        "2026-06-10 11:00",
        "2026-06-10 12:00",
        "2026-06-10 13:00",
        "2026-06-10 14:00",
        "2026-06-10 15:00",
        "2026-06-10 16:00",
        "2026-06-10 17:00",
        "2026-06-10 18:00",
        "2026-06-10 19:00",
        "2026-06-10 20:00",
        "2026-06-10 21:00",
        "2026-06-10 22:00",
        "2026-06-10 23:00",
        "2026-06-11 00:00",
        "2026-06-11 01:00"
      ]
    },
    {
      "upside_probability": 0.1,
      "read": "BEARISH CONFIRM",
      "expected_return": -0.01883,
      "volatility_amplification": 1.0,
      "forecast_vol_hourly": 0.00844,
      "realized_vol_hourly": 0.00483,
      "last_close": 1645.89,
      "mean_target": 1614.8938,
      "mean_path": [
        1642.4232,
        1643.5296,
        1640.0864,
        1639.5,
        1640.4864,
        1635.7206,
        1633.4164,
        1630.8428,
        1630.7135,
        1630.7999,
        1633.1623,
        1631.9461,
        1633.0974,
        1628.8626,
        1629.7374,
        1629.8472,
        1622.908,
        1624.2121,
        1623.1167,
        1620.7151,
        1618.829,
        1618.0267,
        1619.1415,
        1614.8938
      ],
      "p10": [
        1629.4505,
        1629.5346,
        1623.2367,
        1626.1624,
        1621.3916,
        1618.9374,
        1604.4321,
        1608.7523,
        1603.8431,
        1611.0652,
        1610.1852,
        1616.4145,
        1608.6496,
        1597.4765,
        1601.1686,
        1599.7466,
        1588.8291,
        1591.9256,
        1598.3591,
        1589.0319,
        1574.9307,
        1583.7616,
        1575.4279,
        1579.489
      ],
      "p50": [
        1644.4657,
        1642.5289,
        1639.7123,
        1642.1157,
        1640.4885,
        1636.0588,
        1638.2693,
        1633.809,
        1636.3503,
        1633.3954,
        1638.7892,
        1633.1422,
        1631.7844,
        1631.549,
        1631.9406,
        1632.0151,
        1628.6183,
        1626.9521,
        1629.143,
        1625.2347,
        1623.3345,
        1616.5696,
        1626.8029,
        1615.8144
      ],
      "p90": [
        1657.5304,
        1662.5236,
        1652.9438,
        1649.8952,
        1668.3679,
        1661.6192,
        1658.3542,
        1652.2624,
        1649.3637,
        1651.8306,
        1651.6295,
        1651.4127,
        1659.3561,
        1656.0195,
        1655.1048,
        1650.7942,
        1651.7967,
        1651.3502,
        1645.9013,
        1645.3734,
        1645.6872,
        1649.1274,
        1652.3134,
        1643.6493
      ],
      "name": "ETH",
      "symbol": "ETHUSDT",
      "context_last_ts_utc": "2026-06-10 01:00:00",
      "forecast_ts_utc": [
        "2026-06-10 02:00",
        "2026-06-10 03:00",
        "2026-06-10 04:00",
        "2026-06-10 05:00",
        "2026-06-10 06:00",
        "2026-06-10 07:00",
        "2026-06-10 08:00",
        "2026-06-10 09:00",
        "2026-06-10 10:00",
        "2026-06-10 11:00",
        "2026-06-10 12:00",
        "2026-06-10 13:00",
        "2026-06-10 14:00",
        "2026-06-10 15:00",
        "2026-06-10 16:00",
        "2026-06-10 17:00",
        "2026-06-10 18:00",
        "2026-06-10 19:00",
        "2026-06-10 20:00",
        "2026-06-10 21:00",
        "2026-06-10 22:00",
        "2026-06-10 23:00",
        "2026-06-11 00:00",
        "2026-06-11 01:00"
      ]
    },
    {
      "upside_probability": 0.0667,
      "read": "BEARISH CONFIRM",
      "expected_return": -0.03471,
      "volatility_amplification": 0.9,
      "forecast_vol_hourly": 0.01021,
      "realized_vol_hourly": 0.00623,
      "last_close": 65.25,
      "mean_target": 62.985,
      "mean_path": [
        64.76,
        64.7046,
        64.464,
        64.4309,
        64.3768,
        64.2254,
        64.3347,
        64.1238,
        64.0297,
        64.1661,
        64.1482,
        63.9093,
        63.7969,
        63.8593,
        63.7321,
        63.3635,
        63.5712,
        63.1907,
        63.1396,
        63.1798,
        63.1921,
        63.2915,
        63.1279,
        62.985
      ],
      "p10": [
        63.9027,
        63.6991,
        63.399,
        63.4545,
        63.4579,
        62.4749,
        63.5195,
        62.3476,
        62.362,
        61.9985,
        62.0149,
        61.2114,
        60.4036,
        60.72,
        60.4103,
        60.4246,
        60.8573,
        60.1442,
        60.7884,
        60.4404,
        60.1954,
        60.8001,
        60.6378,
        61.1328
      ],
      "p50": [
        64.8976,
        64.8645,
        64.5714,
        64.448,
        64.3598,
        64.2304,
        64.5549,
        64.3104,
        64.1836,
        64.3589,
        64.3086,
        64.2362,
        64.3532,
        64.235,
        64.0769,
        63.9846,
        63.7988,
        63.8702,
        63.3589,
        63.32,
        63.8196,
        63.5933,
        63.296,
        63.1586
      ],