{
  "generated_utc": "2026-06-10 08:14:14",
  "model": "NeoQuasar/Kronos-mini",
  "lookback_hours": 360,
  "horizon_hours": 24,
  "n_paths": 30,
  "interval": "1h",
  "assets": [
    {
      "upside_probability": 0.2,
      "read": "BEARISH CONFIRM",
      "expected_return": -0.01434,
      "volatility_amplification": 0.9667,
      "forecast_vol_hourly": 0.00746,
      "realized_vol_hourly": 0.00429,
      "last_close": 61615.62,
      "mean_target": 60731.7812,
      "mean_path": [
        61664.8245,
        61573.3072,
        61493.7135,
        61483.4801,
        61330.2889,
        61393.4096,
        61366.3969,
        61274.4923,
        61214.9074,
        61198.2068,
        61094.2236,
        60932.7074,
        60878.9387,
        60913.8829,
        60831.3115,
        60614.182,
        60782.9604,
        60746.9249,
        60639.1065,
        60598.6966,
        60682.1258,
        60834.013,
        60876.9837,
        60731.7812
      ],
      "p10": [
        61163.0199,
        61161.6246,
        60865.1699,
        60796.9402,
        60566.7203,
        60558.7816,
        60459.1879,
        59867.2973,
        60208.3555,
        60294.5293,
        59801.8805,
        59981.7902,
        59588.6504,
        59880.4418,
        59915.6461,
        59581.4094,
        59930.5848,
        59758.6539,
        59678.9766,
        59381.0852,
        59672.9395,
        59869.0684,
        59773.7574,
        59515.2281
      ],
      "p50": [
        61780.1641,
        61611.6133,
        61676.4219,
        61582.3594,
        61368.5098,
        61531.8574,
        61520.3242,
        61509.4766,
        61367.8809,
        61453.8027,
        61186.8516,
        61039.5371,
        60897.5039,
        60795.1016,
        60838.4453,
        60681.0176,
        60762.4922,
        60742.8105,
        60494.4688,
        60605.6836,
        60525.7559,
        60839.7344,
        60910.7754,
        60691.0449
      ],
      "p90": [
        61986.6969,
        61949.4906,
        62056.8387,
        61980.5387,
        62044.2746,
        62167.3785,
        62327.2164,
        62332.2629,
        62166.591,
        62231.6309,
        62192.7293,
        62147.0656,
        61831.373,
        62004.6184,
        61794.1207,
        61464.9938,
        61865.4023,
        61888.0848,
        61808.5504,
        61860.4445,
        61658.3105,
        61860.6238,
        61830.2789,
        62059.9117
      ],
      "name": "BTC",
      "symbol": "BTCUSDT",
      "context_last_ts_utc": "2026-06-10 08:00:00",
      "forecast_ts_utc": [
        "2026-06-10 09:00",
        "2026-06-10 10:00",
        "2026-06-10 11:00",
        "2026-06-10 12:00",
        "2026-06-10 13:00",
        "2026-06-10 14:00",
        "2026-06-10 15:00",
        "2026-06-10 16:00",
        "2026-06-10 17:00",
        "2026-06-10 18:00",
        "2026-06-10 19:00",
        "2026-06-10 20:00",
        "2026-06-10 21:00",
        "2026-06-10 22:00",
        "2026-06-10 23:00",
        "2026-06-11 00:00",
        "2026-06-11 01:00",
        "2026-06-11 02:00",
        "2026-06-11 03:00",
        "2026-06-11 04:00",
        "2026-06-11 05:00",
        "2026-06-11 06:00",
        "2026-06-11 07:00",
        "2026-06-11 08:00"
      ]
    },
    {
      "upside_probability": 0.0333,
      "read": "BEARISH CONFIRM",
      "expected_return": -0.02411,
      "volatility_amplification": 0.9333,
      "forecast_vol_hourly": 0.00841,
      "realized_vol_hourly": 0.00491,
      "last_close": 1636.47,
      "mean_target": 1597.0121,
      "mean_path": [
        1637.433,
        1632.3337,
        1631.6262,
        1631.8184,
        1632.5442,
        1625.7636,
        1623.1854,
        1621.0028,
        1617.2608,
        1614.7628,
        1612.9386,
        1608.4441,
        1602.7732,
        1602.4937,
        1597.6313,
        1595.3651,
        1595.6086,
        1595.4651,
        1593.8897,
        1596.202,
        1600.2492,
        1598.4274,
        1598.1325,
        1597.0121
      ],
      "p10": [
        1622.9309,
        1614.1649,
        1616.298,
        1614.0548,
        1611.5681,
        1593.2368,
        1589.3824,
        1594.473,
        1570.8964,
        1581.6241,
        1580.7636,
        1577.9082,
        1556.7357,
        1556.4076,
        1549.3745,
        1551.3468,
        1542.9674,
        1530.7447,
        1525.1161,
        1537.5784,
        1561.857,
        1551.3282,
        1551.5811,
        1544.1618
      ],
      "p50": [
        1640.5549,
        1635.6603,
        1632.5782,
        1633.6635,
        1633.0468,
        1630.091,
        1621.6307,
        1627.6272,
        1619.012,
        1616.6498,
        1619.3945,
        1610.5966,
        1607.4668,
        1609.7038,
        1609.547,
        1601.9744,
        1603.0087,
        1603.4142,
        1601.6203,
        1606.272,
        1610.4305,
        1609.519,
        1603.6721,
        1608.9987
      ],
      "p90": [
        1650.3836,
        1647.123,
        1643.8555,
        1647.9807,
        1651.6755,
        1652.6322,
        1651.8718,
        1650.1937,
        1653.1118,
        1647.5798,
        1649.1018,
        1636.9144,
        1632.0449,
        1639.3444,
        1632.6573,
        1629.948,
        1630.3615,
        1629.661,
        1628.4832,
        1630.8626,
        1629.4057,
        1633.4214,
        1632.6945,
        1626.8817
      ],
      "name": "ETH",
      "symbol": "ETHUSDT",
      "context_last_ts_utc": "2026-06-10 08:00:00",
      "forecast_ts_utc": [
        "2026-06-10 09:00",
        "2026-06-10 10:00",
        "2026-06-10 11:00",
        "2026-06-10 12:00",
        "2026-06-10 13:00",
        "2026-06-10 14:00",
        "2026-06-10 15:00",
        "2026-06-10 16:00",
        "2026-06-10 17:00",
        "2026-06-10 18:00",
        "2026-06-10 19:00",
        "2026-06-10 20:00",
        "2026-06-10 21:00",
        "2026-06-10 22:00",
        "2026-06-10 23:00",
        "2026-06-11 00:00",
        "2026-06-11 01:00",
        "2026-06-11 02:00",
        "2026-06-11 03:00",
        "2026-06-11 04:00",
        "2026-06-11 05:00",
        "2026-06-11 06:00",
        "2026-06-11 07:00",
        "2026-06-11 08:00"
      ]
    },
    {
      "upside_probability": 0.2333,
      "read": "BEARISH CONFIRM",
      "expected_return": -0.02541,
      "volatility_amplification": 0.9667,
      "forecast_vol_hourly": 0.01068,
      "realized_vol_hourly": 0.00592,
      "last_close": 64.12,
      "mean_target": 62.4906,
      "mean_path": [
        63.9259,
        64.0203,
        64.0344,
        64.1858,
        64.0249,
        64.0087,
        63.8975,
        63.9281,
        63.5693,
        63.4187,
        63.3152,
        63.207,
        63.1355,
        63.1155,
        63.0044,
        62.9241,
        62.9179,
        62.9351,
        63.052,
        63.1285,
        62.7611,
        62.6969,
        62.3904,
        62.4906
      ],
      "p10": [
        62.5241,
        63.1011,
        63.2806,
        63.4174,
        63.3832,
        63.0887,
        62.9325,
        63.0423,
        62.2113,
        62.0365,
        62.1109,
        61.7469,
        61.9834,
        61.8984,
        61.0289,
        61.4653,
        60.808,
        61.1127,
        60.8516,
        61.0507,
        60.3734,
        60.8703,
        60.2354,
        59.5091
      ],
      "p50": [
        64.1268,
        64.1646,
        64.1152,
        64.2768,
        64.1923,
        64.1189,
        64.1595,
        63.9838,
        63.6858,
        63.6869,
        63.4992,
        63.2586,
        63.1655,
        63.5122,
        63.0978,
        62.8477,
        62.9756,
        63.1022,
        63.3302,
        63.4256,
        63.1097,
        62.6955,
        62.7463,
        62.8094
      ],