{
  "generated_utc": "2026-06-09 22:00:12",
  "model": "NeoQuasar/Kronos-mini",
  "lookback_hours": 360,
  "horizon_hours": 24,
  "n_paths": 30,
  "interval": "1h",
  "assets": [
    {
      "upside_probability": 0.2667,
      "read": "BEARISH CONFIRM",
      "expected_return": -0.01511,
      "volatility_amplification": 1.0,
      "forecast_vol_hourly": 0.00722,
      "realized_vol_hourly": 0.00454,
      "last_close": 61774.0,
      "mean_target": 60840.4592,
      "mean_path": [
        61757.2177,
        61842.7161,
        61772.1008,
        61633.2247,
        61688.3513,
        61637.1259,
        61538.4464,
        61435.9102,
        61387.2137,
        61277.615,
        61189.2691,
        61255.6191,
        61262.3501,
        61210.7645,
        61216.5055,
        61089.0434,
        61110.0621,
        61235.2826,
        61069.9038,
        61119.3691,
        60984.8276,
        60953.5483,
        60947.5417,
        60840.4592
      ],
      "p10": [
        61340.1906,
        61496.252,
        61317.7996,
        60963.298,
        61094.4098,
        60858.5969,
        60682.6957,
        60082.9934,
        59693.7719,
        59823.4598,
        60055.5699,
        59418.8398,
        59859.6402,
        59614.0613,
        59442.5383,
        59441.4547,
        59029.2227,
        59095.6687,
        59190.1008,
        59570.6273,
        59446.266,
        59349.0344,
        59144.7301,
        59262.7812
      ],
      "p50": [
        61741.4414,
        61795.1836,
        61781.3594,
        61679.2461,
        61698.8125,
        61597.0215,
        61549.0293,
        61447.0801,
        61364.584,
        61659.1191,
        61389.7754,
        61721.1582,
        61289.4746,
        61344.1289,
        61449.6992,
        61237.1875,
        61190.332,
        61232.8223,
        61147.457,
        61104.5176,
        61029.3262,
        60887.666,
        60803.0645,
        60686.5918
      ],
      "p90": [
        62177.6219,
        62255.3852,
        62271.5605,
        62229.1711,
        62349.9738,
        62557.2836,
        62517.6828,
        62551.8484,
        62701.3906,
        62700.5176,
        62425.8426,
        62540.2523,
        62520.4387,
        62594.1711,
        62436.3684,
        62502.5543,
        62789.443,
        62790.4074,
        62667.0594,
        62493.3566,
        62424.0402,
        62603.6062,
        62588.6352,
        62674.7215
      ],
      "name": "BTC",
      "symbol": "BTCUSDT",
      "context_last_ts_utc": "2026-06-09 22:00:00",
      "forecast_ts_utc": [
        "2026-06-09 23:00",
        "2026-06-10 00:00",
        "2026-06-10 01:00",
        "2026-06-10 02:00",
        "2026-06-10 03:00",
        "2026-06-10 04:00",
        "2026-06-10 05:00",
        "2026-06-10 06:00",
        "2026-06-10 07:00",
        "2026-06-10 08:00",
        "2026-06-10 09:00",
        "2026-06-10 10:00",
        "2026-06-10 11:00",
        "2026-06-10 12:00",
        "2026-06-10 13:00",
        "2026-06-10 14:00",
        "2026-06-10 15:00",
        "2026-06-10 16:00",
        "2026-06-10 17:00",
        "2026-06-10 18:00",
        "2026-06-10 19:00",
        "2026-06-10 20:00",
        "2026-06-10 21:00",
        "2026-06-10 22:00"
      ]
    },
    {
      "upside_probability": 0.0667,
      "read": "BEARISH CONFIRM",
      "expected_return": -0.0416,
      "volatility_amplification": 0.9333,
      "forecast_vol_hourly": 0.00963,
      "realized_vol_hourly": 0.00578,
      "last_close": 1649.95,
      "mean_target": 1581.3097,
      "mean_path": [
        1643.5998,
        1638.1074,
        1638.0258,
        1632.9294,
        1633.162,
        1632.0551,
        1626.1993,
        1625.186,
        1620.3875,
        1613.6131,
        1610.0261,
        1606.9451,
        1608.7622,
        1603.5008,
        1601.5842,
        1599.7574,
        1596.6354,
        1592.832,
        1591.6001,
        1586.1863,
        1579.3829,
        1585.6859,
        1581.7334,
        1581.3097
      ],
      "p10": [
        1631.0254,
        1620.1764,
        1615.4169,
        1603.7734,
        1608.7184,
        1601.1734,
        1591.8576,
        1604.5266,
        1586.2953,
        1575.3613,
        1577.4619,
        1565.126,
        1553.8723,
        1545.551,
        1549.166,
        1553.2876,
        1531.7608,
        1537.4967,
        1533.9632,
        1531.795,
        1522.1649,
        1525.6468,
        1520.5388,
        1512.8925
      ],
      "p50": [
        1643.9927,
        1641.0635,
        1642.8436,
        1639.2618,
        1633.3415,
        1633.2819,
        1629.5854,
        1625.7405,
        1625.582,
        1621.8846,
        1614.824,
        1612.434,
        1622.8983,
        1616.4708,
        1617.6902,
        1608.1263,
        1604.3356,
        1594.0939,
        1598.8212,
        1593.7498,
        1576.5344,
        1585.8116,
        1596.494,
        1598.4267
      ],
      "p90": [
        1659.1446,
        1655.8499,
        1658.3398,
        1657.9964,
        1658.6236,
        1655.8831,
        1647.9678,
        1649.0581,
        1644.7537,
        1646.3665,
        1643.3542,
        1640.9118,
        1642.0053,
        1639.7897,
        1640.4698,
        1645.7439,
        1640.975,
        1640.0889,
        1641.7573,
        1637.4176,
        1633.7657,
        1637.4432,
        1638.8787,
        1638.4254
      ],
      "name": "ETH",
      "symbol": "ETHUSDT",
      "context_last_ts_utc": "2026-06-09 22:00:00",
      "forecast_ts_utc": [
        "2026-06-09 23:00",
        "2026-06-10 00:00",
        "2026-06-10 01:00",
        "2026-06-10 02:00",
        "2026-06-10 03:00",
        "2026-06-10 04:00",
        "2026-06-10 05:00",
        "2026-06-10 06:00",
        "2026-06-10 07:00",
        "2026-06-10 08:00",
        "2026-06-10 09:00",
        "2026-06-10 10:00",
        "2026-06-10 11:00",
        "2026-06-10 12:00",
        "2026-06-10 13:00",
        "2026-06-10 14:00",
        "2026-06-10 15:00",
        "2026-06-10 16:00",
        "2026-06-10 17:00",
        "2026-06-10 18:00",
        "2026-06-10 19:00",
        "2026-06-10 20:00",
        "2026-06-10 21:00",
        "2026-06-10 22:00"
      ]
    },
    {
      "upside_probability": 0.1,
      "read": "BEARISH CONFIRM",
      "expected_return": -0.0218,
      "volatility_amplification": 0.8,
      "forecast_vol_hourly": 0.01015,
      "realized_vol_hourly": 0.00772,
      "last_close": 64.98,
      "mean_target": 63.5632,
      "mean_path": [
        64.9446,
        64.7973,
        64.707,
        64.6991,
        64.7895,
        64.7136,
        64.4228,
        64.4814,
        64.1632,
        64.1221,
        64.128,
        64.0102,
        64.0709,
        64.1945,
        64.1347,
        64.2129,
        63.9061,
        63.945,
        64.0503,
        63.7643,
        63.645,
        63.5202,
        63.6445,
        63.5632
      ],
      "p10": [
        64.2823,
        64.1366,
        63.3173,
        63.7755,
        64.053,
        63.7565,
        63.2043,
        62.9872,
        62.9518,
        62.4549,
        62.2143,
        61.5871,
        62.35,
        62.0518,
        62.5816,
        62.7101,
        62.1427,
        61.9804,
        61.9338,
        62.3094,
        62.7857,
        62.0556,
        62.5919,
        61.8811
      ],
      "p50": [
        65.1574,
        64.9378,
        64.8573,
        64.7146,
        64.8408,
        64.839,
        64.36,
        64.5054,
        64.3607,
        64.4487,
        64.1744,
        64.1661,
        64.1761,
        64.4238,
        64.3478,
        64.5868,
        64.0646,
        64.3974,
        64.5137,
        64.0903,
        63.6138,
        63.599,
        64.0807,
        63.8614
      ],