{
  "generated_utc": "2026-06-10 03:07:30",
  "model": "NeoQuasar/Kronos-mini",
  "lookback_hours": 360,
  "horizon_hours": 24,
  "n_paths": 30,
  "interval": "1h",
  "assets": [
    {
      "upside_probability": 0.0667,
      "read": "BEARISH CONFIRM",
      "expected_return": -0.02779,
      "volatility_amplification": 0.9667,
      "forecast_vol_hourly": 0.00848,
      "realized_vol_hourly": 0.00437,
      "last_close": 61429.59,
      "mean_target": 59722.2168,
      "mean_path": [
        61115.1793,
        61064.2243,
        61028.4701,
        60931.8122,
        60852.9822,
        60556.5753,
        60437.5793,
        60471.9005,
        60473.351,
        60506.3935,
        60514.8615,
        60374.7021,
        60429.3717,
        60283.2646,
        60194.4094,
        60205.5091,
        60261.4512,
        60144.1372,
        59976.7882,
        59803.4786,
        59743.6522,
        59762.1522,
        59744.61,
        59722.2168
      ],
      "p10": [
        60561.2488,
        60510.4984,
        59918.0113,
        59392.6289,
        59369.0539,
        59252.6074,
        59201.8844,
        58826.7656,
        58754.3168,
        58293.8449,
        58714.875,
        58423.652,
        58658.0234,
        58196.427,
        57872.6582,
        58083.0605,
        58253.7719,
        58370.6891,
        58420.1855,
        57702.5551,
        57779.2051,
        57940.6324,
        57769.0734,
        57816.0445
      ],
      "p50": [
        61203.0215,
        61039.125,
        61282.9102,
        61280.5742,
        61133.6387,
        60829.2227,
        60671.9473,
        60782.209,
        60803.4902,
        60819.3574,
        60732.2949,
        60585.2734,
        60836.1738,
        60587.4277,
        60511.4434,
        60619.3574,
        60565.2734,
        60346.3262,
        59981.1836,
        60127.4941,
        59871.9727,
        60125.3359,
        60138.1113,
        60159.0254
      ],
      "p90": [
        61537.7555,
        61648.1562,
        61772.0707,
        61687.4848,
        61679.5496,
        61602.9324,
        61637.5672,
        61697.8016,
        61692.1738,
        61714.6941,
        61883.9715,
        61598.4844,
        61757.9508,
        61689.9719,
        61550.3406,
        61666.5109,
        61666.982,
        61406.6469,
        61502.0164,
        61285.4246,
        61233.1266,
        61065.5793,
        61422.0211,
        61278.334
      ],
      "name": "BTC",
      "symbol": "BTCUSDT",
      "context_last_ts_utc": "2026-06-10 03:00:00",
      "forecast_ts_utc": [
        "2026-06-10 04:00",
        "2026-06-10 05:00",
        "2026-06-10 06:00",
        "2026-06-10 07:00",
        "2026-06-10 08:00",
        "2026-06-10 09:00",
        "2026-06-10 10:00",
        "2026-06-10 11:00",
        "2026-06-10 12:00",
        "2026-06-10 13:00",
        "2026-06-10 14:00",
        "2026-06-10 15:00",
        "2026-06-10 16:00",
        "2026-06-10 17:00",
        "2026-06-10 18:00",
        "2026-06-10 19:00",
        "2026-06-10 20:00",
        "2026-06-10 21:00",
        "2026-06-10 22:00",
        "2026-06-10 23:00",
        "2026-06-11 00:00",
        "2026-06-11 01:00",
        "2026-06-11 02:00",
        "2026-06-11 03:00"
      ]
    },
    {
      "upside_probability": 0.3,
      "read": "BEARISH CONFIRM",
      "expected_return": -0.01723,
      "volatility_amplification": 0.9,
      "forecast_vol_hourly": 0.00856,
      "realized_vol_hourly": 0.00519,
      "last_close": 1628.5,
      "mean_target": 1600.4487,
      "mean_path": [
        1637.9348,
        1639.7042,
        1635.2214,
        1634.9029,
        1632.0473,
        1629.7454,
        1629.6016,
        1631.3346,
        1629.9871,
        1627.6315,
        1628.6998,
        1628.6281,
        1623.6499,
        1618.3939,
        1611.2425,
        1607.0485,
        1605.1899,
        1605.226,
        1604.6996,
        1604.1317,
        1600.1326,
        1599.5203,
        1602.3526,
        1600.4487
      ],
      "p10": [
        1626.5128,
        1629.4789,
        1623.0737,
        1613.7907,
        1609.8464,
        1597.2385,
        1603.0468,
        1594.9368,
        1591.934,
        1580.2203,
        1591.8001,
        1604.7347,
        1598.7584,
        1578.651,
        1562.2286,
        1564.5739,
        1558.5395,
        1550.5708,
        1563.0552,
        1549.1699,
        1559.3595,
        1561.0312,
        1569.4952,
        1553.3409
      ],
      "p50": [
        1638.4141,
        1641.2357,
        1636.8521,
        1639.0334,
        1636.4421,
        1631.7393,
        1631.1128,
        1635.6812,
        1636.5717,
        1636.0983,
        1636.3746,
        1630.3485,
        1630.6565,
        1626.3455,
        1617.9946,
        1614.773,
        1611.4395,
        1611.0071,
        1607.3798,
        1612.5816,
        1604.4771,
        1602.9905,
        1607.2766,
        1604.9578
      ],
      "p90": [
        1650.997,
        1651.4907,
        1647.9551,
        1652.5918,
        1653.2179,
        1653.8423,
        1651.1358,
        1656.2969,
        1659.1921,
        1650.3626,
        1654.3247,
        1649.4117,
        1649.1091,
        1646.062,
        1648.2121,
        1644.4235,
        1648.126,
        1646.9367,
        1649.2346,
        1637.6562,
        1641.9696,
        1631.8533,
        1642.1511,
        1648.0217
      ],
      "name": "ETH",
      "symbol": "ETHUSDT",
      "context_last_ts_utc": "2026-06-10 03:00:00",
      "forecast_ts_utc": [
        "2026-06-10 04:00",
        "2026-06-10 05:00",
        "2026-06-10 06:00",
        "2026-06-10 07:00",
        "2026-06-10 08:00",
        "2026-06-10 09:00",
        "2026-06-10 10:00",
        "2026-06-10 11:00",
        "2026-06-10 12:00",
        "2026-06-10 13:00",
        "2026-06-10 14:00",
        "2026-06-10 15:00",
        "2026-06-10 16:00",
        "2026-06-10 17:00",
        "2026-06-10 18:00",
        "2026-06-10 19:00",
        "2026-06-10 20:00",
        "2026-06-10 21:00",
        "2026-06-10 22:00",
        "2026-06-10 23:00",
        "2026-06-11 00:00",
        "2026-06-11 01:00",
        "2026-06-11 02:00",
        "2026-06-11 03:00"
      ]
    },
    {
      "upside_probability": 0.0,
      "read": "BEARISH CONFIRM",
      "expected_return": -0.03811,
      "volatility_amplification": 0.9667,
      "forecast_vol_hourly": 0.01082,
      "realized_vol_hourly": 0.00671,
      "last_close": 64.6,
      "mean_target": 62.1382,
      "mean_path": [
        64.2963,
        64.0489,
        64.0392,
        63.9583,
        63.7959,
        63.8813,
        63.7962,
        63.7684,
        63.7897,
        63.6362,
        63.4504,
        63.1877,
        63.3406,
        63.2772,
        63.0844,
        63.0491,
        63.004,
        62.7836,
        62.7032,
        62.5857,
        62.2783,
        62.3902,
        62.2482,
        62.1382
      ],
      "p10": [
        63.5179,
        63.2919,
        62.2133,
        62.5097,
        61.6083,
        62.6806,
        62.3541,
        61.7867,
        61.7168,
        61.6903,
        61.2689,
        61.0097,
        61.4825,
        61.1273,
        60.7875,
        60.5273,
        60.1381,
        59.4926,
        59.076,
        59.0904,
        58.9995,
        58.6013,
        59.1295,
        58.6891
      ],
      "p50": [
        64.3271,
        64.0194,
        64.1793,
        64.0917,
        64.2739,
        63.9922,
        63.9623,
        63.9718,
        64.1021,
        63.7857,
        63.5229,
        63.3532,
        63.5762,
        63.4021,
        63.2628,
        63.4642,
        63.5671,
        63.4002,
        63.1387,
        63.3686,
        62.9502,
        62.8214,
        63.0456,
        62.9181
      ],