{
  "generated_utc": "2026-06-09 23:01:37",
  "model": "NeoQuasar/Kronos-mini",
  "lookback_hours": 360,
  "horizon_hours": 24,
  "n_paths": 30,
  "interval": "1h",
  "assets": [
    {
      "upside_probability": 0.2,
      "read": "BEARISH CONFIRM",
      "expected_return": -0.02859,
      "volatility_amplification": 0.8667,
      "forecast_vol_hourly": 0.0079,
      "realized_vol_hourly": 0.00443,
      "last_close": 61700.0,
      "mean_target": 59935.8326,
      "mean_path": [
        61730.0516,
        61623.4784,
        61632.6997,
        61556.2529,
        61423.7951,
        61436.1484,
        61302.0228,
        61104.1431,
        61080.5128,
        61018.2578,
        60972.6964,
        60989.8526,
        60858.6762,
        60947.7702,
        60848.4658,
        60645.5931,
        60639.5193,
        60399.0831,
        60425.1798,
        60404.0233,
        60207.0249,
        60294.854,
        60178.3633,
        59935.8326
      ],
      "p10": [
        61399.1648,
        61080.9215,
        61065.425,
        60862.1984,
        60498.9391,
        60577.1758,
        60220.7344,
        59999.7301,
        59519.9547,
        59756.0207,
        59161.4027,
        58984.1488,
        58855.8133,
        59072.8328,
        58772.3113,
        58518.3895,
        58542.5824,
        58339.3051,
        58399.2988,
        58393.7305,
        58013.8512,
        57580.641,
        57910.3758,
        57531.3613
      ],
      "p50": [
        61781.9219,
        61705.5625,
        61653.3789,
        61601.4023,
        61588.0977,
        61570.7969,
        61347.1562,
        61293.6777,
        61274.9004,
        61299.4551,
        61327.6777,
        61423.2793,
        61265.5527,
        61265.7441,
        60991.7637,
        60719.7051,
        60808.0996,
        60488.7852,
        60577.6816,
        60316.0117,
        59938.6523,
        60410.5234,
        60067.5488,
        59891.6699
      ],
      "p90": [
        62124.5746,
        62205.7008,
        62071.4668,
        62147.5375,
        62275.8973,
        62257.1355,
        62236.5859,
        62201.0879,
        62298.1789,
        62330.6766,
        62389.7738,
        62652.5141,
        62480.9254,
        62730.7133,
        62550.9176,
        62659.5715,
        62688.9738,
        62203.0527,
        62124.2301,
        62099.9859,
        62113.8281,
        62222.0387,
        62129.1324,
        62003.9984
      ],
      "name": "BTC",
      "symbol": "BTCUSDT",
      "context_last_ts_utc": "2026-06-09 23:00:00",
      "forecast_ts_utc": [
        "2026-06-10 00:00",
        "2026-06-10 01:00",
        "2026-06-10 02:00",
        "2026-06-10 03:00",
        "2026-06-10 04:00",
        "2026-06-10 05:00",
        "2026-06-10 06:00",
        "2026-06-10 07:00",
        "2026-06-10 08:00",
        "2026-06-10 09:00",
        "2026-06-10 10:00",
        "2026-06-10 11:00",
        "2026-06-10 12:00",
        "2026-06-10 13:00",
        "2026-06-10 14:00",
        "2026-06-10 15:00",
        "2026-06-10 16:00",
        "2026-06-10 17:00",
        "2026-06-10 18:00",
        "2026-06-10 19:00",
        "2026-06-10 20:00",
        "2026-06-10 21:00",
        "2026-06-10 22:00",
        "2026-06-10 23:00"
      ]
    },
    {
      "upside_probability": 0.0333,
      "read": "BEARISH CONFIRM",
      "expected_return": -0.03222,
      "volatility_amplification": 0.9667,
      "forecast_vol_hourly": 0.01011,
      "realized_vol_hourly": 0.00573,
      "last_close": 1639.07,
      "mean_target": 1586.2533,
      "mean_path": [
        1646.77,
        1643.0144,
        1637.7538,
        1632.5991,
        1625.9079,
        1626.5786,
        1617.4697,
        1618.3787,
        1615.4274,
        1611.4415,
        1606.9644,
        1606.9543,
        1605.1692,
        1601.9121,
        1601.9176,
        1595.9341,
        1591.4142,
        1587.0832,
        1586.7184,
        1588.9683,
        1590.9922,
        1587.933,
        1585.0282,
        1586.2533
      ],
      "p10": [
        1636.3062,
        1626.0687,
        1613.5038,
        1599.8644,
        1592.3187,
        1603.8881,
        1588.6757,
        1582.9405,
        1570.7473,
        1560.4295,
        1553.9854,
        1539.0255,
        1541.8597,
        1538.0966,
        1535.1487,
        1535.8919,
        1517.1811,
        1538.8212,
        1515.5605,
        1537.5074,
        1543.9997,
        1543.1569,
        1533.7835,
        1532.2964
      ],
      "p50": [
        1645.0205,
        1644.6068,
        1640.2686,
        1636.2932,
        1630.6252,
        1632.7512,
        1624.0115,
        1623.5556,
        1625.2659,
        1620.4087,
        1622.814,
        1619.6851,
        1614.1249,
        1615.3044,
        1611.6008,
        1607.7721,
        1603.4904,
        1587.9652,
        1600.7169,
        1592.6851,
        1591.0844,
        1590.9318,
        1592.9395,
        1591.3225
      ],
      "p90": [
        1659.4515,
        1657.7578,
        1654.7489,
        1653.7216,
        1646.4948,
        1648.3287,
        1646.3703,
        1653.3584,
        1645.9168,
        1645.5578,
        1641.7985,
        1640.251,
        1650.7296,
        1640.7321,
        1648.4981,
        1640.2125,
        1631.3597,
        1637.3398,
        1639.6258,
        1636.5288,
        1627.1631,
        1627.2807,
        1626.4775,
        1629.5033
      ],
      "name": "ETH",
      "symbol": "ETHUSDT",
      "context_last_ts_utc": "2026-06-09 23:00:00",
      "forecast_ts_utc": [
        "2026-06-10 00:00",
        "2026-06-10 01:00",
        "2026-06-10 02:00",
        "2026-06-10 03:00",
        "2026-06-10 04:00",
        "2026-06-10 05:00",
        "2026-06-10 06:00",
        "2026-06-10 07:00",
        "2026-06-10 08:00",
        "2026-06-10 09:00",
        "2026-06-10 10:00",
        "2026-06-10 11:00",
        "2026-06-10 12:00",
        "2026-06-10 13:00",
        "2026-06-10 14:00",
        "2026-06-10 15:00",
        "2026-06-10 16:00",
        "2026-06-10 17:00",
        "2026-06-10 18:00",
        "2026-06-10 19:00",
        "2026-06-10 20:00",
        "2026-06-10 21:00",
        "2026-06-10 22:00",
        "2026-06-10 23:00"
      ]
    },
    {
      "upside_probability": 0.1333,
      "read": "BEARISH CONFIRM",
      "expected_return": -0.03599,
      "volatility_amplification": 0.9,
      "forecast_vol_hourly": 0.01156,
      "realized_vol_hourly": 0.00766,
      "last_close": 64.78,
      "mean_target": 62.4483,
      "mean_path": [
        65.062,
        64.8771,
        64.8209,
        64.4289,
        64.5132,
        64.2619,
        63.9209,
        63.8164,
        63.6951,
        63.5975,
        63.6099,
        63.4499,
        63.5439,
        63.4233,
        63.4009,
        63.0976,
        63.1085,
        62.9551,
        62.9651,
        62.9918,
        62.9182,
        62.7824,
        62.4533,
        62.4483
      ],
      "p10": [
        64.1628,
        63.6461,
        63.596,
        62.8734,
        62.7135,
        62.9581,
        61.5375,
        61.4095,
        61.0368,
        61.2371,
        61.0758,
        60.7004,
        60.966,
        60.8648,
        60.4578,
        59.9566,
        60.6152,
        60.8422,
        60.912,
        61.1639,
        60.4329,
        60.8146,
        59.9153,
        59.5716
      ],
      "p50": [
        65.1405,
        64.9991,
        64.8275,
        64.523,
        64.6274,
        64.5649,
        64.4021,
        64.0849,
        63.8284,
        63.4785,
        63.711,
        63.7947,
        63.594,
        64.1122,
        63.9035,
        63.1757,
        63.143,
        63.3205,
        62.9917,
        62.7758,
        63.0105,
        62.8814,
        62.3576,
        62.656
      ],