{
  "generated_utc": "2026-06-09 14:04:29",
  "model": "NeoQuasar/Kronos-mini",
  "lookback_hours": 360,
  "horizon_hours": 24,
  "n_paths": 30,
  "interval": "1h",
  "assets": [
    {
      "upside_probability": 0.2,
      "read": "BEARISH CONFIRM",
      "expected_return": -0.01371,
      "volatility_amplification": 0.9333,
      "forecast_vol_hourly": 0.00676,
      "realized_vol_hourly": 0.00331,
      "last_close": 62192.0,
      "mean_target": 61339.4613,
      "mean_path": [
        62231.6109,
        62230.7424,
        62324.1375,
        62250.3613,
        62206.2991,
        62255.0289,
        62268.7397,
        62222.3342,
        62267.1219,
        62198.3148,
        62200.8928,
        62119.2663,
        61953.2508,
        61989.403,
        61755.4652,
        61652.6492,
        61524.9029,
        61469.3158,
        61370.8172,
        61290.0418,
        61388.5397,
        61465.9792,
        61320.2368,
        61339.4613
      ],
      "p10": [
        61786.0941,
        61604.1605,
        61794.7008,
        61479.7137,
        61484.9797,
        61708.7234,
        61741.5379,
        61451.6848,
        61468.5465,
        61521.6781,
        61565.3148,
        61392.2785,
        61155.302,
        61214.7066,
        60650.7574,
        60582.4648,
        60225.1285,
        60099.8656,
        59601.6988,
        59394.9199,
        59756.5551,
        59966.1094,
        59543.666,
        59811.8543
      ],
      "p50": [
        62266.0156,
        62365.0938,
        62408.7715,
        62362.4238,
        62327.0156,
        62303.4121,
        62266.0098,
        62275.3848,
        62337.6895,
        62160.9805,
        62115.3867,
        62197.7656,
        62092.5,
        61962.2734,
        62026.6133,
        61772.4355,
        61761.832,
        61576.1934,
        61739.4531,
        61664.9629,
        61711.3477,
        61596.4863,
        61498.418,
        61683.5332
      ],
      "p90": [
        62654.8457,
        62748.866,
        62852.3965,
        62920.9473,
        62941.041,
        62944.6648,
        62814.8961,
        62759.5191,
        63127.4223,
        63070.0871,
        62945.3875,
        62948.9227,
        62956.8938,
        62939.7926,
        62656.798,
        62739.959,
        62563.7738,
        62740.632,
        62564.9437,
        62287.825,
        62522.4195,
        62559.0992,
        62329.8891,
        62487.8922
      ],
      "name": "BTC",
      "symbol": "BTCUSDT",
      "context_last_ts_utc": "2026-06-09 14:00:00",
      "forecast_ts_utc": [
        "2026-06-09 15:00",
        "2026-06-09 16:00",
        "2026-06-09 17:00",
        "2026-06-09 18:00",
        "2026-06-09 19:00",
        "2026-06-09 20:00",
        "2026-06-09 21:00",
        "2026-06-09 22:00",
        "2026-06-09 23:00",
        "2026-06-10 00:00",
        "2026-06-10 01:00",
        "2026-06-10 02:00",
        "2026-06-10 03:00",
        "2026-06-10 04:00",
        "2026-06-10 05:00",
        "2026-06-10 06:00",
        "2026-06-10 07:00",
        "2026-06-10 08:00",
        "2026-06-10 09:00",
        "2026-06-10 10:00",
        "2026-06-10 11:00",
        "2026-06-10 12:00",
        "2026-06-10 13:00",
        "2026-06-10 14:00"
      ]
    },
    {
      "upside_probability": 0.2,
      "read": "BEARISH CONFIRM",
      "expected_return": -0.02686,
      "volatility_amplification": 0.9333,
      "forecast_vol_hourly": 0.00885,
      "realized_vol_hourly": 0.00509,
      "last_close": 1664.84,
      "mean_target": 1620.1198,
      "mean_path": [
        1670.5269,
        1671.3526,
        1672.2952,
        1669.267,
        1668.0194,
        1662.7281,
        1662.3695,
        1660.2609,
        1661.0055,
        1659.2179,
        1655.5125,
        1649.5095,
        1643.0114,
        1638.0121,
        1634.3905,
        1633.3347,
        1634.5283,
        1630.3597,
        1628.8548,
        1625.6847,
        1625.1018,
        1623.5564,
        1618.0035,
        1620.1198
      ],
      "p10": [
        1655.1719,
        1655.9445,
        1658.9484,
        1649.0786,
        1647.1506,
        1638.4068,
        1641.0492,
        1629.2824,
        1629.0594,
        1630.533,
        1618.0972,
        1590.6996,
        1594.7259,
        1578.996,
        1599.2348,
        1586.9099,
        1574.3699,
        1567.1995,
        1565.3824,
        1568.5831,
        1560.0149,
        1566.4045,
        1551.0616,
        1553.1761
      ],
      "p50": [
        1673.6082,
        1672.5083,
        1672.2213,
        1672.0027,
        1667.4427,
        1666.9294,
        1659.1881,
        1664.0116,
        1669.2958,
        1667.7231,
        1671.8737,
        1656.5272,
        1658.8232,
        1649.2592,
        1646.7269,
        1639.5146,
        1641.6751,
        1638.5557,
        1634.7914,
        1634.9586,
        1630.5303,
        1636.9346,
        1632.4633,
        1632.8649
      ],
      "p90": [
        1680.5845,
        1681.6133,
        1681.709,
        1684.0199,
        1690.6357,
        1688.3104,
        1682.9689,
        1685.3144,
        1690.3287,
        1688.9584,
        1684.5675,
        1684.3896,
        1683.4216,
        1680.9281,
        1669.4415,
        1677.1929,
        1674.9417,
        1670.9401,
        1663.5815,
        1671.5674,
        1664.7985,
        1661.7094,
        1666.6343,
        1670.1409
      ],
      "name": "ETH",
      "symbol": "ETHUSDT",
      "context_last_ts_utc": "2026-06-09 14:00:00",
      "forecast_ts_utc": [
        "2026-06-09 15:00",
        "2026-06-09 16:00",
        "2026-06-09 17:00",
        "2026-06-09 18:00",
        "2026-06-09 19:00",
        "2026-06-09 20:00",
        "2026-06-09 21:00",
        "2026-06-09 22:00",
        "2026-06-09 23:00",
        "2026-06-10 00:00",
        "2026-06-10 01:00",
        "2026-06-10 02:00",
        "2026-06-10 03:00",
        "2026-06-10 04:00",
        "2026-06-10 05:00",
        "2026-06-10 06:00",
        "2026-06-10 07:00",
        "2026-06-10 08:00",
        "2026-06-10 09:00",
        "2026-06-10 10:00",
        "2026-06-10 11:00",
        "2026-06-10 12:00",
        "2026-06-10 13:00",
        "2026-06-10 14:00"
      ]
    },
    {
      "upside_probability": 0.1333,
      "read": "BEARISH CONFIRM",
      "expected_return": -0.03086,
      "volatility_amplification": 0.9333,
      "forecast_vol_hourly": 0.00994,
      "realized_vol_hourly": 0.0064,
      "last_close": 65.7,
      "mean_target": 63.6726,
      "mean_path": [
        65.8384,
        66.0599,
        65.9025,
        65.787,
        65.7154,
        65.5737,
        65.4205,
        65.3778,
        65.3584,
        65.1772,
        65.0384,
        64.817,
        64.6417,
        64.6738,
        64.6038,
        64.2955,
        64.1524,
        64.2022,
        64.1512,
        64.1411,
        64.0576,
        63.8162,
        63.6635,
        63.6726
      ],
      "p10": [
        64.7363,
        65.4539,
        65.2614,
        64.6318,
        64.954,
        64.0652,
        64.2433,
        63.9761,
        63.9117,
        63.9865,
        63.752,
        63.1378,
        62.2018,
        62.3996,
        62.1965,
        61.9221,
        61.6719,
        61.4445,
        61.6519,
        61.6152,
        61.312,
        61.0893,
        61.0981,
        60.9731
      ],
      "p50": [
        66.0256,
        66.0421,
        65.8982,
        65.7383,
        65.6962,
        65.6383,
        65.4354,
        65.3347,
        65.6966,
        65.2506,
        65.1642,
        65.0196,
        64.7772,
        64.9258,
        64.8024,
        64.6161,
        64.4907,
        64.4574,
        64.5224,
        64.8547,
        64.5841,
        64.246,
        64.1614,
        64.4423
      ],