{
  "generated_utc": "2026-06-10 04:09:02",
  "model": "NeoQuasar/Kronos-mini",
  "lookback_hours": 360,
  "horizon_hours": 24,
  "n_paths": 30,
  "interval": "1h",
  "assets": [
    {
      "upside_probability": 0.1667,
      "read": "BEARISH CONFIRM",
      "expected_return": -0.01915,
      "volatility_amplification": 1.0,
      "forecast_vol_hourly": 0.00839,
      "realized_vol_hourly": 0.00422,
      "last_close": 61541.62,
      "mean_target": 60363.0503,
      "mean_path": [
        61164.0318,
        61155.7352,
        61187.7249,
        61125.4293,
        61015.3063,
        60984.859,
        60952.3358,
        60844.0,
        60943.1194,
        60712.4035,
        60717.9574,
        60732.4938,
        60637.2285,
        60552.9569,
        60520.675,
        60416.5656,
        60280.8642,
        60346.8242,
        60286.5115,
        60161.2552,
        60231.7866,
        60246.977,
        60213.7685,
        60363.0503
      ],
      "p10": [
        60574.2879,
        60644.823,
        60510.0484,
        60607.1207,
        59657.0078,
        60291.5777,
        60010.0203,
        59619.5555,
        60032.3645,
        59562.5816,
        59821.4789,
        59460.2082,
        59108.8922,
        59370.1832,
        59043.3223,
        59201.8344,
        58863.7438,
        58703.8277,
        58944.4402,
        58293.3828,
        58379.5668,
        58525.9187,
        58590.8195,
        58375.5344
      ],
      "p50": [
        61216.6875,
        61235.916,
        61242.9746,
        61172.8711,
        61254.041,
        61024.3398,
        60968.1445,
        60987.9004,
        61002.7852,
        60665.832,
        60630.0742,
        60659.3887,
        60706.4355,
        60632.2676,
        60697.25,
        60553.1875,
        60308.5312,
        60704.4531,
        60583.0664,
        60289.2617,
        60195.8125,
        60349.1953,
        60389.7402,
        60605.1191
      ],
      "p90": [
        61522.2625,
        61558.8047,
        61756.2648,
        61730.8602,
        61736.0191,
        61685.3844,
        61596.4723,
        61967.8266,
        61766.9492,
        61765.4992,
        61628.9254,
        61833.8625,
        61575.0961,
        61479.1609,
        61671.2246,
        61320.4652,
        61467.5656,
        61310.4633,
        61800.502,
        61621.2926,
        61691.2051,
        61422.4645,
        61362.4172,
        61711.9574
      ],
      "name": "BTC",
      "symbol": "BTCUSDT",
      "context_last_ts_utc": "2026-06-10 04:00:00",
      "forecast_ts_utc": [
        "2026-06-10 05:00",
        "2026-06-10 06:00",
        "2026-06-10 07:00",
        "2026-06-10 08:00",
        "2026-06-10 09:00",
        "2026-06-10 10:00",
        "2026-06-10 11:00",
        "2026-06-10 12:00",
        "2026-06-10 13:00",
        "2026-06-10 14:00",
        "2026-06-10 15:00",
        "2026-06-10 16:00",
        "2026-06-10 17:00",
        "2026-06-10 18:00",
        "2026-06-10 19:00",
        "2026-06-10 20:00",
        "2026-06-10 21:00",
        "2026-06-10 22:00",
        "2026-06-10 23:00",
        "2026-06-11 00:00",
        "2026-06-11 01:00",
        "2026-06-11 02:00",
        "2026-06-11 03:00",
        "2026-06-11 04:00"
      ]
    },
    {
      "upside_probability": 0.2667,
      "read": "BEARISH CONFIRM",
      "expected_return": -0.01498,
      "volatility_amplification": 1.0,
      "forecast_vol_hourly": 0.00857,
      "realized_vol_hourly": 0.00471,
      "last_close": 1630.17,
      "mean_target": 1605.7488,
      "mean_path": [
        1633.0121,
        1631.5062,
        1631.9481,
        1631.2079,
        1628.254,
        1628.6744,
        1628.5601,
        1627.0381,
        1624.7136,
        1627.1869,
        1620.4425,
        1622.0207,
        1615.7686,
        1617.3846,
        1611.129,
        1610.1331,
        1613.5857,
        1609.8108,
        1609.5307,
        1603.4323,
        1603.4216,
        1606.2613,
        1604.7385,
        1605.7488
      ],
      "p10": [
        1622.4116,
        1618.7865,
        1605.9258,
        1611.9778,
        1603.5111,
        1605.9698,
        1599.2087,
        1603.4164,
        1595.6343,
        1595.5522,
        1578.3683,
        1587.8355,
        1569.8373,
        1588.6459,
        1576.2572,
        1578.6323,
        1585.4545,
        1586.0685,
        1580.3082,
        1563.8595,
        1552.4892,
        1548.9337,
        1556.2105,
        1550.8159
      ],
      "p50": [
        1632.9508,
        1633.1542,
        1631.5015,
        1631.7046,
        1628.0853,
        1626.4445,
        1630.4738,
        1627.943,
        1627.7352,
        1623.4575,
        1624.6272,
        1623.0912,
        1620.5532,
        1617.6533,
        1610.6893,
        1614.6107,
        1618.4694,
        1606.6686,
        1614.2165,
        1608.3148,
        1607.192,
        1609.2849,
        1610.4554,
        1611.0248
      ],
      "p90": [
        1652.6697,
        1646.4215,
        1653.6731,
        1648.0899,
        1656.4892,
        1652.8382,
        1655.3102,
        1652.0149,
        1647.5037,
        1654.8892,
        1658.0559,
        1651.4282,
        1646.9809,
        1649.6532,
        1635.9312,
        1642.7569,
        1637.783,
        1643.6852,
        1639.5582,
        1633.2323,
        1632.1124,
        1643.937,
        1638.1525,
        1637.1411
      ],
      "name": "ETH",
      "symbol": "ETHUSDT",
      "context_last_ts_utc": "2026-06-10 04:00:00",
      "forecast_ts_utc": [
        "2026-06-10 05:00",
        "2026-06-10 06:00",
        "2026-06-10 07:00",
        "2026-06-10 08:00",
        "2026-06-10 09:00",
        "2026-06-10 10:00",
        "2026-06-10 11:00",
        "2026-06-10 12:00",
        "2026-06-10 13:00",
        "2026-06-10 14:00",
        "2026-06-10 15:00",
        "2026-06-10 16:00",
        "2026-06-10 17:00",
        "2026-06-10 18:00",
        "2026-06-10 19:00",
        "2026-06-10 20:00",
        "2026-06-10 21:00",
        "2026-06-10 22:00",
        "2026-06-10 23:00",
        "2026-06-11 00:00",
        "2026-06-11 01:00",
        "2026-06-11 02:00",
        "2026-06-11 03:00",
        "2026-06-11 04:00"
      ]
    },
    {
      "upside_probability": 0.1333,
      "read": "BEARISH CONFIRM",
      "expected_return": -0.03391,
      "volatility_amplification": 1.0,
      "forecast_vol_hourly": 0.01139,
      "realized_vol_hourly": 0.00577,
      "last_close": 64.52,
      "mean_target": 62.3322,
      "mean_path": [
        64.3714,
        64.2446,
        64.136,
        63.974,
        63.9002,
        63.9026,
        63.5354,
        63.4717,
        63.3235,
        63.3586,
        63.3606,
        63.3802,
        63.0408,
        62.9522,
        62.9887,
        62.9684,
        62.7544,
        62.8108,
        62.574,
        62.3195,
        62.2074,
        62.4953,
        62.3562,
        62.3322
      ],
      "p10": [
        63.6445,
        63.3961,
        63.1308,
        62.5546,
        62.7195,
        62.9176,
        61.9769,
        62.1252,
        61.4769,
        61.5998,
        60.8021,
        60.942,
        60.84,
        60.2929,
        60.807,
        60.5771,
        60.3796,
        60.498,
        60.2566,
        59.7393,
        59.602,
        60.1975,
        60.02,
        59.876
      ],
      "p50": [
        64.5438,
        64.3663,
        64.2005,
        64.2148,
        64.1148,
        64.1631,
        63.9396,
        63.7004,
        63.4553,
        63.5519,
        63.3904,
        63.6046,
        63.6527,
        63.4,
        63.5203,
        63.2766,
        63.2441,
        63.3261,
        63.2184,
        63.0278,
        62.9293,
        63.0149,
        62.7034,
        62.7888
      ],