{
  "generated_utc": "2026-06-10 10:16:45",
  "model": "NeoQuasar/Kronos-mini",
  "lookback_hours": 360,
  "horizon_hours": 24,
  "n_paths": 30,
  "interval": "1h",
  "assets": [
    {
      "upside_probability": 0.1,
      "read": "BEARISH CONFIRM",
      "expected_return": -0.03232,
      "volatility_amplification": 1.0,
      "forecast_vol_hourly": 0.00906,
      "realized_vol_hourly": 0.00446,
      "last_close": 61217.01,
      "mean_target": 59238.2594,
      "mean_path": [
        61004.3613,
        61060.4906,
        60864.0122,
        60691.7,
        60655.7988,
        60571.1484,
        60378.8555,
        60271.246,
        60174.6978,
        60090.272,
        59886.3703,
        59813.1543,
        59667.3292,
        59536.9786,
        59553.4335,
        59569.6934,
        59460.3883,
        59264.9477,
        59231.066,
        59342.0191,
        59425.8708,
        59356.3406,
        59248.2638,
        59238.2594
      ],
      "p10": [
        60385.5695,
        60446.7176,
        60211.8848,
        59773.9297,
        59504.0652,
        59853.4602,
        59078.7773,
        59219.9332,
        58887.7133,
        58783.1465,
        58610.1578,
        58257.5629,
        57917.2199,
        57474.7227,
        57661.9512,
        57671.4793,
        57507.3465,
        56950.4832,
        57347.95,
        57557.6723,
        57251.4676,
        57361.059,
        56732.4598,
        56998.1125
      ],
      "p50": [
        61105.7148,
        61104.5625,
        60890.7402,
        60716.918,
        60817.877,
        60753.0938,
        60498.3164,
        60384.0879,
        60186.0664,
        60231.2617,
        59788.6953,
        59999.5215,
        59926.4805,
        59861.1406,
        59810.543,
        59894.9746,
        59781.6016,
        59732.9492,
        59308.1504,
        59512.4395,
        59734.8516,
        59962.7168,
        59868.7617,
        59301.7168
      ],
      "p90": [
        61585.5273,
        61613.1477,
        61381.1508,
        61388.0875,
        61530.4746,
        61273.1898,
        61332.3445,
        61300.3637,
        61417.1359,
        61373.4383,
        61092.5754,
        61050.1629,
        61004.1906,
        60828.2684,
        60843.1684,
        60937.5707,
        60996.0664,
        60607.8867,
        60671.0457,
        60738.1734,
        60805.2516,
        60978.1301,
        61050.0855,
        61058.0559
      ],
      "name": "BTC",
      "symbol": "BTCUSDT",
      "context_last_ts_utc": "2026-06-10 10:00:00",
      "forecast_ts_utc": [
        "2026-06-10 11:00",
        "2026-06-10 12:00",
        "2026-06-10 13:00",
        "2026-06-10 14:00",
        "2026-06-10 15:00",
        "2026-06-10 16:00",
        "2026-06-10 17:00",
        "2026-06-10 18:00",
        "2026-06-10 19:00",
        "2026-06-10 20:00",
        "2026-06-10 21:00",
        "2026-06-10 22:00",
        "2026-06-10 23:00",
        "2026-06-11 00:00",
        "2026-06-11 01:00",
        "2026-06-11 02:00",
        "2026-06-11 03:00",
        "2026-06-11 04:00",
        "2026-06-11 05:00",
        "2026-06-11 06:00",
        "2026-06-11 07:00",
        "2026-06-11 08:00",
        "2026-06-11 09:00",
        "2026-06-11 10:00"
      ]
    },
    {
      "upside_probability": 0.1333,
      "read": "BEARISH CONFIRM",
      "expected_return": -0.02593,
      "volatility_amplification": 1.0,
      "forecast_vol_hourly": 0.01005,
      "realized_vol_hourly": 0.00531,
      "last_close": 1619.63,
      "mean_target": 1577.6319,
      "mean_path": [
        1617.6163,
        1615.072,
        1607.5649,
        1604.6648,
        1600.6255,
        1598.0195,
        1596.257,
        1589.4224,
        1587.2229,
        1581.5797,
        1584.3828,
        1580.0178,
        1572.1576,
        1572.5303,
        1576.2602,
        1577.1396,
        1575.864,
        1573.967,
        1578.4837,
        1577.3265,
        1577.2377,
        1578.406,
        1579.6857,
        1577.6319
      ],
      "p10": [
        1598.4358,
        1602.1171,
        1586.4775,
        1576.9947,
        1569.1397,
        1560.4181,
        1566.321,
        1535.5271,
        1548.6863,
        1555.7325,
        1548.213,
        1541.7261,
        1533.6861,
        1535.9208,
        1539.3392,
        1541.649,
        1540.8229,
        1540.5931,
        1545.9915,
        1535.4755,
        1532.8836,
        1523.3906,
        1518.4466,
        1533.4056
      ],
      "p50": [
        1616.0682,
        1614.3798,
        1609.7764,
        1606.1224,
        1609.0367,
        1605.8309,
        1600.6293,
        1593.9299,
        1593.4929,
        1586.8851,
        1586.4368,
        1580.75,
        1574.1911,
        1573.6831,
        1579.2914,
        1578.4285,
        1580.1146,
        1574.6461,
        1583.4245,
        1582.8141,
        1579.6106,
        1585.8123,
        1589.8199,
        1577.3373
      ],
      "p90": [
        1631.0086,
        1629.5121,
        1626.5528,
        1626.3825,
        1620.5932,
        1628.6715,
        1624.1756,
        1616.4842,
        1611.5547,
        1623.5253,
        1618.1919,
        1610.9421,
        1606.4947,
        1613.0448,
        1607.9594,
        1609.9157,
        1605.9005,
        1602.3186,
        1613.5056,
        1613.9309,
        1617.6368,
        1618.8304,
        1621.6818,
        1621.6768
      ],
      "name": "ETH",
      "symbol": "ETHUSDT",
      "context_last_ts_utc": "2026-06-10 10:00:00",
      "forecast_ts_utc": [
        "2026-06-10 11:00",
        "2026-06-10 12:00",
        "2026-06-10 13:00",
        "2026-06-10 14:00",
        "2026-06-10 15:00",
        "2026-06-10 16:00",
        "2026-06-10 17:00",
        "2026-06-10 18:00",
        "2026-06-10 19:00",
        "2026-06-10 20:00",
        "2026-06-10 21:00",
        "2026-06-10 22:00",
        "2026-06-10 23:00",
        "2026-06-11 00:00",
        "2026-06-11 01:00",
        "2026-06-11 02:00",
        "2026-06-11 03:00",
        "2026-06-11 04:00",
        "2026-06-11 05:00",
        "2026-06-11 06:00",
        "2026-06-11 07:00",
        "2026-06-11 08:00",
        "2026-06-11 09:00",
        "2026-06-11 10:00"
      ]
    },
    {
      "upside_probability": 0.2,
      "read": "BEARISH CONFIRM",
      "expected_return": -0.02283,
      "volatility_amplification": 1.0,
      "forecast_vol_hourly": 0.01103,
      "realized_vol_hourly": 0.00624,
      "last_close": 63.34,
      "mean_target": 61.8942,
      "mean_path": [
        63.4249,
        63.6793,
        63.552,
        63.1977,
        63.0655,
        63.0982,
        62.951,
        62.9683,
        62.7638,
        62.7304,
        62.5535,
        62.5658,
        62.6231,
        62.1818,
        62.1925,
        62.2234,
        62.1976,
        62.1331,
        61.9715,
        62.0108,
        61.9266,
        61.7097,
        61.6953,
        61.8942
      ],
      "p10": [
        62.6353,
        63.0684,
        62.8201,
        62.024,
        62.0289,
        60.6812,
        61.1247,
        60.9952,
        60.2666,
        60.7064,
        60.1012,
        60.6555,
        60.617,
        60.7454,
        60.4195,
        60.3219,
        60.0671,
        60.0592,
        59.395,
        59.3552,
        59.5589,
        59.0331,
        59.0511,
        59.1174
      ],
      "p50": [
        63.5853,
        63.7653,
        63.5977,
        63.4364,
        63.1587,
        63.5117,
        63.536,
        63.1827,
        63.2428,
        63.0859,
        63.1967,
        63.0257,
        62.9281,
        62.1018,
        62.1346,
        62.3167,
        62.1277,
        62.2006,
        61.8639,
        62.5659,
        62.2167,
        62.3142,
        62.0316,
        62.1712
      ],