{
  "generated_utc": "2026-06-10 07:12:58",
  "model": "NeoQuasar/Kronos-mini",
  "lookback_hours": 360,
  "horizon_hours": 24,
  "n_paths": 30,
  "interval": "1h",
  "assets": [
    {
      "upside_probability": 0.0667,
      "read": "BEARISH CONFIRM",
      "expected_return": -0.0271,
      "volatility_amplification": 1.0,
      "forecast_vol_hourly": 0.00803,
      "realized_vol_hourly": 0.00432,
      "last_close": 61566.01,
      "mean_target": 59897.5329,
      "mean_path": [
        61484.5117,
        61385.1379,
        61272.0555,
        61180.2493,
        61180.5366,
        61032.86,
        60996.9246,
        60971.6142,
        60868.5161,
        60710.6557,
        60623.9318,
        60440.213,
        60260.4786,
        60320.8945,
        60277.1883,
        60069.0694,
        60001.9495,
        59964.0813,
        60050.2943,
        60179.6069,
        60055.8589,
        59972.0727,
        60071.6949,
        59897.5329
      ],
      "p10": [
        61078.9617,
        60903.6203,
        60449.2516,
        60143.8418,
        59988.6652,
        59816.132,
        59622.9469,
        59475.7172,
        59593.5918,
        59236.9309,
        58841.1926,
        58549.1523,
        58288.7312,
        58670.6059,
        58487.5395,
        58527.0629,
        58498.118,
        58578.0672,
        58791.5703,
        58462.4363,
        58607.4793,
        58198.4863,
        58373.1875,
        58267.7156
      ],
      "p50": [
        61558.9141,
        61450.1465,
        61258.4004,
        61357.3672,
        61437.4258,
        61070.168,
        61234.375,
        61274.5371,
        60921.7559,
        61003.2559,
        60728.793,
        60743.2441,
        60620.1172,
        60561.5469,
        60526.2402,
        60381.207,
        60206.8945,
        60224.8906,
        60191.3262,
        60372.0977,
        60133.3184,
        60362.4336,
        60247.7559,
        60033.8691
      ],
      "p90": [
        61844.3793,
        61905.0219,
        61826.0938,
        61886.248,
        62100.9203,
        62081.5539,
        62103.5168,
        62019.1836,
        62000.8848,
        61923.8809,
        61813.9379,
        61627.184,
        61357.8891,
        61294.1863,
        61376.35,
        61144.2398,
        61111.8406,
        61202.7422,
        61217.0918,
        61262.6391,
        61381.6906,
        61243.9113,
        61354.3742,
        61167.1535
      ],
      "name": "BTC",
      "symbol": "BTCUSDT",
      "context_last_ts_utc": "2026-06-10 07:00:00",
      "forecast_ts_utc": [
        "2026-06-10 08:00",
        "2026-06-10 09:00",
        "2026-06-10 10:00",
        "2026-06-10 11:00",
        "2026-06-10 12:00",
        "2026-06-10 13:00",
        "2026-06-10 14:00",
        "2026-06-10 15:00",
        "2026-06-10 16:00",
        "2026-06-10 17:00",
        "2026-06-10 18:00",
        "2026-06-10 19:00",
        "2026-06-10 20:00",
        "2026-06-10 21:00",
        "2026-06-10 22:00",
        "2026-06-10 23:00",
        "2026-06-11 00:00",
        "2026-06-11 01:00",
        "2026-06-11 02:00",
        "2026-06-11 03:00",
        "2026-06-11 04:00",
        "2026-06-11 05:00",
        "2026-06-11 06:00",
        "2026-06-11 07:00"
      ]
    },
    {
      "upside_probability": 0.2667,
      "read": "BEARISH CONFIRM",
      "expected_return": -0.01208,
      "volatility_amplification": 1.0,
      "forecast_vol_hourly": 0.00779,
      "realized_vol_hourly": 0.00478,
      "last_close": 1633.39,
      "mean_target": 1613.6634,
      "mean_path": [
        1642.03,
        1639.5968,
        1638.7759,
        1641.4267,
        1641.6739,
        1638.7443,
        1641.155,
        1641.3554,
        1639.1473,
        1628.8514,
        1626.0325,
        1624.7569,
        1622.2688,
        1617.0031,
        1617.0269,
        1614.343,
        1613.8184,
        1613.6599,
        1615.0448,
        1616.7374,
        1618.1047,
        1617.5881,
        1613.0119,
        1613.6634
      ],
      "p10": [
        1629.3721,
        1625.7318,
        1621.2813,
        1621.8285,
        1617.2254,
        1606.5843,
        1614.6696,
        1613.9228,
        1603.8075,
        1598.7625,
        1596.7828,
        1582.4989,
        1592.7051,
        1582.0455,
        1577.0539,
        1575.2108,
        1576.3407,
        1581.2526,
        1576.6698,
        1585.0424,
        1587.6006,
        1586.4211,
        1568.6813,
        1571.027
      ],
      "p50": [
        1642.9742,
        1640.4944,
        1640.2609,
        1643.809,
        1639.6597,
        1637.7426,
        1638.7838,
        1636.7538,
        1639.8673,
        1633.503,
        1630.6319,
        1628.0127,
        1617.835,
        1617.6815,
        1620.9739,
        1615.7305,
        1615.3674,
        1616.3633,
        1616.8379,
        1618.1634,
        1621.9083,
        1614.2399,
        1611.1508,
        1611.4739
      ],
      "p90": [
        1653.1478,
        1650.4702,
        1655.279,
        1666.2962,
        1666.5333,
        1668.206,
        1673.1202,
        1674.5201,
        1670.0846,
        1662.8127,
        1663.4582,
        1656.4348,
        1658.7019,
        1651.678,
        1651.0466,
        1652.7816,
        1649.3451,
        1650.4216,
        1654.4112,
        1654.8909,
        1653.4583,
        1652.8094,
        1650.5815,
        1647.1768
      ],
      "name": "ETH",
      "symbol": "ETHUSDT",
      "context_last_ts_utc": "2026-06-10 07:00:00",
      "forecast_ts_utc": [
        "2026-06-10 08:00",
        "2026-06-10 09:00",
        "2026-06-10 10:00",
        "2026-06-10 11:00",
        "2026-06-10 12:00",
        "2026-06-10 13:00",
        "2026-06-10 14:00",
        "2026-06-10 15:00",
        "2026-06-10 16:00",
        "2026-06-10 17:00",
        "2026-06-10 18:00",
        "2026-06-10 19:00",
        "2026-06-10 20:00",
        "2026-06-10 21:00",
        "2026-06-10 22:00",
        "2026-06-10 23:00",
        "2026-06-11 00:00",
        "2026-06-11 01:00",
        "2026-06-11 02:00",
        "2026-06-11 03:00",
        "2026-06-11 04:00",
        "2026-06-11 05:00",
        "2026-06-11 06:00",
        "2026-06-11 07:00"
      ]
    },
    {
      "upside_probability": 0.1333,
      "read": "BEARISH CONFIRM",
      "expected_return": -0.03542,
      "volatility_amplification": 1.0,
      "forecast_vol_hourly": 0.012,
      "realized_vol_hourly": 0.00578,
      "last_close": 64.31,
      "mean_target": 62.0322,
      "mean_path": [
        63.899,
        63.8673,
        63.7154,
        63.5343,
        63.636,
        63.2089,
        63.1998,
        63.0479,
        62.8268,
        62.6766,
        62.7505,
        62.7686,
        62.5928,
        62.2358,
        62.4099,
        62.2942,
        62.1745,
        61.9549,
        62.0576,
        62.1098,
        62.1246,
        62.2655,
        62.1906,
        62.0322
      ],
      "p10": [
        62.925,
        63.0743,
        62.4869,
        62.4274,
        62.4615,
        61.4962,
        61.9447,
        61.575,
        61.0415,
        61.0952,
        60.809,
        61.2485,
        61.0795,
        60.5079,
        60.2932,
        60.3917,
        60.2362,
        59.7269,
        59.6606,
        60.0745,
        59.8145,
        60.0572,
        59.68,
        59.8904
      ],
      "p50": [
        64.079,
        63.9197,
        63.8024,
        63.5539,
        63.8125,
        63.5367,
        63.189,
        63.0459,
        62.8677,
        62.6086,
        62.6602,
        62.8266,
        63.0184,
        62.3365,
        62.8263,
        62.6203,
        62.7575,
        61.9669,
        62.4275,
        62.4288,
        62.2302,
        62.4705,
        62.0928,
        61.8302
      ],